# rotated 2026-07-10 -> logs/archive/trend_basket.2026-07-10.log
2026-07-10 15:43:01,333 INFO Trend basket loop started
2026-07-10 15:43:01,590 INFO NVDA $207.79 below SMA50 $209.16 — no entry.
2026-07-10 15:43:02,146 INFO AMD held by another strategy — deferring.
2026-07-10 15:43:02,634 INFO META held by another strategy — deferring.
2026-07-10 15:43:02,843 INFO AMZN held by another strategy — deferring.
2026-07-10 15:43:02,979 INFO GOOGL held by another strategy — deferring.
2026-07-10 15:44:03,499 INFO NVDA $207.89 below SMA50 $209.13 — no entry.
2026-07-10 15:44:04,091 INFO AMD held by another strategy — deferring.
2026-07-10 15:44:04,362 INFO META held by another strategy — deferring.
2026-07-10 15:44:04,497 INFO AMZN held by another strategy — deferring.
2026-07-10 15:44:04,700 INFO GOOGL held by another strategy — deferring.
2026-07-10 15:45:05,176 INFO NVDA $207.96 below SMA50 $209.14 — no entry.
2026-07-10 15:45:05,970 INFO AMD held by another strategy — deferring.
2026-07-10 15:45:06,486 INFO META held by another strategy — deferring.
2026-07-10 15:45:06,646 INFO AMZN held by another strategy — deferring.
2026-07-10 15:45:06,993 INFO GOOGL held by another strategy — deferring.
2026-07-10 15:46:07,365 INFO NVDA $208.28 below SMA50 $209.14 — no entry.
2026-07-10 15:46:08,014 INFO AMD held by another strategy — deferring.
2026-07-10 15:46:08,536 INFO META held by another strategy — deferring.
2026-07-10 15:46:08,660 INFO AMZN held by another strategy — deferring.
2026-07-10 15:46:08,822 INFO GOOGL held by another strategy — deferring.
2026-07-10 15:47:09,135 INFO NVDA $208.61 below SMA50 $209.15 — no entry.
2026-07-10 15:47:09,898 INFO AMD held by another strategy — deferring.
2026-07-10 15:47:10,166 INFO META held by another strategy — deferring.
2026-07-10 15:47:10,318 INFO AMZN held by another strategy — deferring.
2026-07-10 15:47:10,609 INFO GOOGL held by another strategy — deferring.
2026-07-10 15:48:10,886 INFO NVDA $208.63 below SMA50 $209.15 — no entry.
2026-07-10 15:48:11,357 INFO AMD held by another strategy — deferring.
2026-07-10 15:48:11,623 INFO META held by another strategy — deferring.
2026-07-10 15:48:11,770 INFO AMZN held by another strategy — deferring.
2026-07-10 15:48:11,912 INFO GOOGL held by another strategy — deferring.
2026-07-10 15:49:12,078 INFO NVDA $208.83 below SMA50 $209.15 — no entry.
2026-07-10 15:49:12,414 INFO AMD held by another strategy — deferring.
2026-07-10 15:49:12,653 INFO META held by another strategy — deferring.
2026-07-10 15:49:12,814 INFO AMZN held by another strategy — deferring.
2026-07-10 15:49:13,005 INFO GOOGL held by another strategy — deferring.
2026-07-10 15:50:13,349 INFO NVDA $208.99 below SMA50 $209.16 — no entry.
2026-07-10 15:50:14,010 INFO AMD held by another strategy — deferring.
2026-07-10 15:50:14,384 INFO META held by another strategy — deferring.
2026-07-10 15:50:14,685 INFO AMZN held by another strategy — deferring.
2026-07-10 15:50:15,011 INFO GOOGL held by another strategy — deferring.
2026-07-10 15:51:15,390 INFO ENTRY NVDA x11 @ $209.19 | stop $195.80
2026-07-10 15:51:15,900 INFO AMD held by another strategy — deferring.
2026-07-10 15:51:16,242 INFO META held by another strategy — deferring.
2026-07-10 15:51:16,524 INFO AMZN held by another strategy — deferring.
2026-07-10 15:51:16,686 INFO GOOGL held by another strategy — deferring.
2026-07-10 15:52:17,563 INFO AMD held by another strategy — deferring.
2026-07-10 15:52:18,147 INFO META held by another strategy — deferring.
2026-07-10 15:52:18,327 INFO AMZN held by another strategy — deferring.
2026-07-10 15:52:18,516 INFO GOOGL held by another strategy — deferring.
2026-07-10 15:53:19,045 INFO AMD held by another strategy — deferring.
2026-07-10 15:53:19,312 INFO META held by another strategy — deferring.
2026-07-10 15:53:19,548 INFO AMZN held by another strategy — deferring.
2026-07-10 15:53:19,688 INFO GOOGL held by another strategy — deferring.
2026-07-10 15:54:20,162 INFO AMD held by another strategy — deferring.
2026-07-10 15:54:20,507 INFO META held by another strategy — deferring.
2026-07-10 15:54:20,659 INFO AMZN held by another strategy — deferring.
2026-07-10 15:54:20,937 INFO GOOGL held by another strategy — deferring.
2026-07-10 15:55:21,530 INFO AMD held by another strategy — deferring.
2026-07-10 15:55:21,806 INFO META held by another strategy — deferring.
2026-07-10 15:55:21,961 INFO AMZN held by another strategy — deferring.
2026-07-10 15:55:22,215 INFO GOOGL held by another strategy — deferring.
2026-07-10 15:56:22,790 INFO AMD held by another strategy — deferring.
2026-07-10 15:56:23,095 INFO META held by another strategy — deferring.
2026-07-10 15:56:23,213 INFO AMZN held by another strategy — deferring.
2026-07-10 15:56:23,550 INFO GOOGL held by another strategy — deferring.
2026-07-10 15:57:23,886 INFO AMD held by another strategy — deferring.
2026-07-10 15:57:24,240 INFO META held by another strategy — deferring.
2026-07-10 15:57:24,394 INFO AMZN held by another strategy — deferring.
2026-07-10 15:57:24,588 INFO GOOGL held by another strategy — deferring.
2026-07-10 15:58:24,908 INFO AMD held by another strategy — deferring.
2026-07-10 15:58:25,160 INFO META held by another strategy — deferring.
2026-07-10 15:58:25,297 INFO AMZN held by another strategy — deferring.
2026-07-10 15:58:25,506 INFO GOOGL held by another strategy — deferring.
2026-07-10 15:59:25,858 INFO AMD held by another strategy — deferring.
2026-07-10 15:59:26,124 INFO META held by another strategy — deferring.
2026-07-10 15:59:26,319 INFO AMZN held by another strategy — deferring.
2026-07-10 15:59:26,510 INFO GOOGL held by another strategy — deferring.
2026-07-10 16:00:27,718 INFO AMD held by another strategy — deferring.
2026-07-10 16:00:28,071 INFO META held by another strategy — deferring.
2026-07-10 16:00:28,546 INFO AMZN held by another strategy — deferring.
2026-07-10 16:00:28,708 INFO GOOGL held by another strategy — deferring.
2026-07-10 16:01:29,937 INFO AMD held by another strategy — deferring.
2026-07-10 16:01:30,375 INFO META held by another strategy — deferring.
2026-07-10 16:01:30,499 INFO AMZN held by another strategy — deferring.
2026-07-10 16:01:30,684 INFO GOOGL held by another strategy — deferring.
2026-07-10 16:02:31,616 INFO AMD held by another strategy — deferring.
2026-07-10 16:02:31,884 INFO META held by another strategy — deferring.
2026-07-10 16:02:32,008 INFO AMZN held by another strategy — deferring.
2026-07-10 16:02:32,157 INFO GOOGL held by another strategy — deferring.
2026-07-10 16:03:32,946 INFO AMD held by another strategy — deferring.
2026-07-10 16:03:33,202 INFO META held by another strategy — deferring.
2026-07-10 16:03:33,315 INFO AMZN held by another strategy — deferring.
2026-07-10 16:03:33,454 INFO GOOGL held by another strategy — deferring.
2026-07-10 16:04:34,110 INFO AMD held by another strategy — deferring.
2026-07-10 16:04:34,379 INFO META held by another strategy — deferring.
2026-07-10 16:04:34,546 INFO AMZN held by another strategy — deferring.
2026-07-10 16:04:34,706 INFO GOOGL held by another strategy — deferring.
2026-07-10 16:05:35,655 INFO AMD held by another strategy — deferring.
2026-07-10 16:05:36,126 INFO META held by another strategy — deferring.
2026-07-10 16:05:36,336 INFO AMZN held by another strategy — deferring.
2026-07-10 16:05:36,465 INFO GOOGL held by another strategy — deferring.
2026-07-10 16:06:37,463 INFO AMD held by another strategy — deferring.
2026-07-10 16:06:37,763 INFO META held by another strategy — deferring.
2026-07-10 16:06:37,880 INFO AMZN held by another strategy — deferring.
2026-07-10 16:06:37,996 INFO GOOGL held by another strategy — deferring.
2026-07-10 16:07:38,690 INFO AMD held by another strategy — deferring.
2026-07-10 16:07:38,953 INFO META held by another strategy — deferring.
2026-07-10 16:07:39,274 INFO AMZN held by another strategy — deferring.
2026-07-10 16:07:39,394 INFO GOOGL held by another strategy — deferring.
2026-07-10 16:08:40,022 INFO AMD held by another strategy — deferring.
2026-07-10 16:08:40,316 INFO META held by another strategy — deferring.
2026-07-10 16:08:40,428 INFO AMZN held by another strategy — deferring.
2026-07-10 16:08:40,544 INFO GOOGL held by another strategy — deferring.
2026-07-10 16:09:41,104 INFO AMD held by another strategy — deferring.
2026-07-10 16:09:41,503 INFO META held by another strategy — deferring.
2026-07-10 16:09:41,626 INFO AMZN held by another strategy — deferring.
2026-07-10 16:09:41,752 INFO GOOGL held by another strategy — deferring.
2026-07-10 16:10:42,525 INFO AMD held by another strategy — deferring.
2026-07-10 16:10:42,839 INFO META held by another strategy — deferring.
2026-07-10 16:10:42,974 INFO AMZN held by another strategy — deferring.
2026-07-10 16:10:43,090 INFO GOOGL held by another strategy — deferring.
2026-07-10 16:11:43,988 INFO AMD held by another strategy — deferring.
2026-07-10 16:11:44,302 INFO META held by another strategy — deferring.
2026-07-10 16:11:44,426 INFO AMZN held by another strategy — deferring.
2026-07-10 16:11:44,558 INFO GOOGL held by another strategy — deferring.
2026-07-10 16:12:45,870 INFO AMD held by another strategy — deferring.
2026-07-10 16:12:46,539 INFO META held by another strategy — deferring.
2026-07-10 16:12:46,717 INFO AMZN held by another strategy — deferring.
2026-07-10 16:12:47,142 INFO GOOGL held by another strategy — deferring.
2026-07-10 16:13:47,642 INFO AMD held by another strategy — deferring.
2026-07-10 16:13:47,914 INFO META held by another strategy — deferring.
2026-07-10 16:13:48,048 INFO AMZN held by another strategy — deferring.
2026-07-10 16:13:48,174 INFO GOOGL held by another strategy — deferring.
2026-07-10 16:14:48,565 INFO AMD held by another strategy — deferring.
2026-07-10 16:14:48,917 INFO META held by another strategy — deferring.
2026-07-10 16:14:49,074 INFO AMZN held by another strategy — deferring.
2026-07-10 16:14:49,674 INFO GOOGL held by another strategy — deferring.
2026-07-10 16:15:50,525 INFO AMD held by another strategy — deferring.
2026-07-10 16:15:50,808 INFO META held by another strategy — deferring.
2026-07-10 16:15:51,088 INFO AMZN held by another strategy — deferring.
2026-07-10 16:15:51,203 INFO GOOGL held by another strategy — deferring.
2026-07-10 16:16:52,303 INFO AMD held by another strategy — deferring.
2026-07-10 16:16:52,805 INFO META held by another strategy — deferring.
2026-07-10 16:16:52,934 INFO AMZN held by another strategy — deferring.
2026-07-10 16:16:53,045 INFO GOOGL held by another strategy — deferring.
2026-07-10 16:17:53,682 INFO AMD held by another strategy — deferring.
2026-07-10 16:17:54,315 INFO META held by another strategy — deferring.
2026-07-10 16:17:54,563 INFO AMZN held by another strategy — deferring.
2026-07-10 16:17:55,019 INFO GOOGL held by another strategy — deferring.
2026-07-10 16:18:55,765 INFO AMD held by another strategy — deferring.
2026-07-10 16:18:56,050 INFO META held by another strategy — deferring.
2026-07-10 16:18:56,388 INFO AMZN held by another strategy — deferring.
2026-07-10 16:18:56,517 INFO GOOGL held by another strategy — deferring.
2026-07-10 16:19:57,750 INFO AMD held by another strategy — deferring.
2026-07-10 16:19:58,023 INFO META held by another strategy — deferring.
2026-07-10 16:19:58,152 INFO AMZN held by another strategy — deferring.
2026-07-10 16:19:58,280 INFO GOOGL held by another strategy — deferring.
2026-07-10 16:20:59,079 INFO AMD held by another strategy — deferring.
2026-07-10 16:20:59,397 INFO META held by another strategy — deferring.
2026-07-10 16:20:59,545 INFO AMZN held by another strategy — deferring.
2026-07-10 16:20:59,761 INFO GOOGL held by another strategy — deferring.
2026-07-10 16:22:00,367 INFO AMD held by another strategy — deferring.
2026-07-10 16:22:00,696 INFO META held by another strategy — deferring.
2026-07-10 16:22:00,852 INFO AMZN held by another strategy — deferring.
2026-07-10 16:22:00,998 INFO GOOGL held by another strategy — deferring.
2026-07-10 16:23:01,628 INFO AMD held by another strategy — deferring.
2026-07-10 16:23:01,884 INFO META held by another strategy — deferring.
2026-07-10 16:23:02,040 INFO AMZN held by another strategy — deferring.
2026-07-10 16:23:02,174 INFO GOOGL held by another strategy — deferring.
2026-07-10 16:24:02,733 INFO AMD held by another strategy — deferring.
2026-07-10 16:24:03,048 INFO META held by another strategy — deferring.
2026-07-10 16:24:03,242 INFO AMZN held by another strategy — deferring.
2026-07-10 16:24:03,360 INFO GOOGL held by another strategy — deferring.
2026-07-10 16:25:03,938 INFO AMD held by another strategy — deferring.
2026-07-10 16:25:04,266 INFO META held by another strategy — deferring.
2026-07-10 16:25:04,483 INFO AMZN held by another strategy — deferring.
2026-07-10 16:25:04,630 INFO GOOGL held by another strategy — deferring.
2026-07-10 16:26:05,217 INFO AMD held by another strategy — deferring.
2026-07-10 16:26:05,486 INFO META held by another strategy — deferring.
2026-07-10 16:26:05,618 INFO AMZN held by another strategy — deferring.
2026-07-10 16:26:05,790 INFO GOOGL held by another strategy — deferring.
2026-07-10 16:27:06,197 INFO AMD held by another strategy — deferring.
2026-07-10 16:27:06,497 INFO META held by another strategy — deferring.
2026-07-10 16:27:06,635 INFO AMZN held by another strategy — deferring.
2026-07-10 16:27:06,752 INFO GOOGL held by another strategy — deferring.
2026-07-10 16:28:07,177 INFO AMD held by another strategy — deferring.
2026-07-10 16:28:07,442 INFO META held by another strategy — deferring.
2026-07-10 16:28:07,595 INFO AMZN held by another strategy — deferring.
2026-07-10 16:28:07,731 INFO GOOGL held by another strategy — deferring.
2026-07-10 16:29:08,098 INFO AMD held by another strategy — deferring.
2026-07-10 16:29:08,498 INFO META held by another strategy — deferring.
2026-07-10 16:29:08,619 INFO AMZN held by another strategy — deferring.
2026-07-10 16:29:08,739 INFO GOOGL held by another strategy — deferring.
2026-07-10 16:30:09,822 INFO AMD held by another strategy — deferring.
2026-07-10 16:30:10,351 INFO META held by another strategy — deferring.
2026-07-10 16:30:10,978 INFO AMZN held by another strategy — deferring.
2026-07-10 16:30:11,154 INFO GOOGL held by another strategy — deferring.
2026-07-10 16:31:12,033 INFO AMD held by another strategy — deferring.
2026-07-10 16:31:12,310 INFO META held by another strategy — deferring.
2026-07-10 16:31:12,495 INFO AMZN held by another strategy — deferring.
2026-07-10 16:31:12,673 INFO GOOGL held by another strategy — deferring.
2026-07-10 16:32:13,296 INFO AMD held by another strategy — deferring.
2026-07-10 16:32:13,563 INFO META held by another strategy — deferring.
2026-07-10 16:32:13,716 INFO AMZN held by another strategy — deferring.
2026-07-10 16:32:13,842 INFO GOOGL held by another strategy — deferring.
2026-07-10 16:33:14,435 INFO AMD held by another strategy — deferring.
2026-07-10 16:33:14,712 INFO META held by another strategy — deferring.
2026-07-10 16:33:14,831 INFO AMZN held by another strategy — deferring.
2026-07-10 16:33:14,954 INFO GOOGL held by another strategy — deferring.
2026-07-10 16:34:15,602 INFO AMD held by another strategy — deferring.
2026-07-10 16:34:15,981 INFO META held by another strategy — deferring.
2026-07-10 16:34:16,110 INFO AMZN held by another strategy — deferring.
2026-07-10 16:34:16,239 INFO GOOGL held by another strategy — deferring.
2026-07-10 16:35:17,363 INFO AMD held by another strategy — deferring.
2026-07-10 16:35:17,612 INFO META held by another strategy — deferring.
2026-07-10 16:35:17,765 INFO AMZN held by another strategy — deferring.
2026-07-10 16:35:17,917 INFO GOOGL held by another strategy — deferring.
2026-07-10 16:36:18,533 INFO AMD held by another strategy — deferring.
2026-07-10 16:36:18,784 INFO META held by another strategy — deferring.
2026-07-10 16:36:19,034 INFO AMZN held by another strategy — deferring.
2026-07-10 16:36:19,194 INFO GOOGL held by another strategy — deferring.
2026-07-10 16:37:19,751 INFO AMD held by another strategy — deferring.
2026-07-10 16:37:19,996 INFO META held by another strategy — deferring.
2026-07-10 16:37:20,161 INFO AMZN held by another strategy — deferring.
2026-07-10 16:37:20,395 INFO GOOGL held by another strategy — deferring.
2026-07-10 16:38:21,048 INFO AMD held by another strategy — deferring.
2026-07-10 16:38:21,328 INFO META held by another strategy — deferring.
2026-07-10 16:38:21,450 INFO AMZN held by another strategy — deferring.
2026-07-10 16:38:21,585 INFO GOOGL held by another strategy — deferring.
2026-07-10 16:39:22,628 INFO AMD held by another strategy — deferring.
2026-07-10 16:39:23,046 INFO META held by another strategy — deferring.
2026-07-10 16:39:23,176 INFO AMZN held by another strategy — deferring.
2026-07-10 16:39:23,405 INFO GOOGL held by another strategy — deferring.
2026-07-10 16:40:24,066 INFO AMD held by another strategy — deferring.
2026-07-10 16:40:24,340 INFO META held by another strategy — deferring.
2026-07-10 16:40:24,462 INFO AMZN held by another strategy — deferring.
2026-07-10 16:40:24,638 INFO GOOGL held by another strategy — deferring.
2026-07-10 16:41:25,072 INFO AMD held by another strategy — deferring.
2026-07-10 16:41:25,811 INFO META held by another strategy — deferring.
2026-07-10 16:41:25,939 INFO AMZN held by another strategy — deferring.
2026-07-10 16:41:26,065 INFO GOOGL held by another strategy — deferring.
2026-07-10 16:42:26,465 INFO AMD held by another strategy — deferring.
2026-07-10 16:42:26,866 INFO META held by another strategy — deferring.
2026-07-10 16:42:27,027 INFO AMZN held by another strategy — deferring.
2026-07-10 16:42:27,161 INFO GOOGL held by another strategy — deferring.
2026-07-10 16:43:27,509 INFO AMD held by another strategy — deferring.
2026-07-10 16:43:28,003 INFO META held by another strategy — deferring.
2026-07-10 16:43:28,151 INFO AMZN held by another strategy — deferring.
2026-07-10 16:43:28,274 INFO GOOGL held by another strategy — deferring.
2026-07-10 16:44:28,798 INFO AMD held by another strategy — deferring.
2026-07-10 16:44:29,079 INFO META held by another strategy — deferring.
2026-07-10 16:44:29,199 INFO AMZN held by another strategy — deferring.
2026-07-10 16:44:29,355 INFO GOOGL held by another strategy — deferring.
2026-07-10 16:45:29,787 INFO AMD held by another strategy — deferring.
2026-07-10 16:45:30,060 INFO META held by another strategy — deferring.
2026-07-10 16:45:30,284 INFO AMZN held by another strategy — deferring.
2026-07-10 16:45:30,466 INFO GOOGL held by another strategy — deferring.
2026-07-10 16:46:31,044 INFO AMD held by another strategy — deferring.
2026-07-10 16:46:31,335 INFO META held by another strategy — deferring.
2026-07-10 16:46:31,557 INFO AMZN held by another strategy — deferring.
2026-07-10 16:46:31,689 INFO GOOGL held by another strategy — deferring.
2026-07-10 16:47:32,297 INFO AMD held by another strategy — deferring.
2026-07-10 16:47:32,669 INFO META held by another strategy — deferring.
2026-07-10 16:47:32,823 INFO AMZN held by another strategy — deferring.
2026-07-10 16:47:33,350 INFO GOOGL held by another strategy — deferring.
2026-07-10 16:48:33,876 INFO AMD held by another strategy — deferring.
2026-07-10 16:48:34,273 INFO META held by another strategy — deferring.
2026-07-10 16:48:34,405 INFO AMZN held by another strategy — deferring.
2026-07-10 16:48:34,888 INFO GOOGL held by another strategy — deferring.
2026-07-10 16:49:35,386 INFO AMD held by another strategy — deferring.
2026-07-10 16:49:35,674 INFO META held by another strategy — deferring.
2026-07-10 16:49:35,816 INFO AMZN held by another strategy — deferring.
2026-07-10 16:49:36,024 INFO GOOGL held by another strategy — deferring.
2026-07-10 16:50:36,693 INFO AMD held by another strategy — deferring.
2026-07-10 16:50:36,987 INFO META held by another strategy — deferring.
2026-07-10 16:50:37,111 INFO AMZN held by another strategy — deferring.
2026-07-10 16:50:37,382 INFO GOOGL held by another strategy — deferring.
2026-07-10 16:51:37,889 INFO AMD held by another strategy — deferring.
2026-07-10 16:51:38,143 INFO META held by another strategy — deferring.
2026-07-10 16:51:38,477 INFO AMZN held by another strategy — deferring.
2026-07-10 16:51:38,781 INFO GOOGL held by another strategy — deferring.
2026-07-10 16:52:39,342 INFO AMD held by another strategy — deferring.
2026-07-10 16:52:39,596 INFO META held by another strategy — deferring.
2026-07-10 16:52:39,710 INFO AMZN held by another strategy — deferring.
2026-07-10 16:52:39,883 INFO GOOGL held by another strategy — deferring.
2026-07-10 16:53:40,282 INFO AMD held by another strategy — deferring.
2026-07-10 16:53:40,616 INFO META held by another strategy — deferring.
2026-07-10 16:53:40,791 INFO AMZN held by another strategy — deferring.
2026-07-10 16:53:40,915 INFO GOOGL held by another strategy — deferring.
2026-07-10 16:54:41,338 INFO AMD held by another strategy — deferring.
2026-07-10 16:54:41,648 INFO META held by another strategy — deferring.
2026-07-10 16:54:41,788 INFO AMZN held by another strategy — deferring.
2026-07-10 16:54:41,935 INFO GOOGL held by another strategy — deferring.
2026-07-10 16:55:42,502 INFO AMD held by another strategy — deferring.
2026-07-10 16:55:42,769 INFO META held by another strategy — deferring.
2026-07-10 16:55:42,935 INFO AMZN held by another strategy — deferring.
2026-07-10 16:55:43,094 INFO GOOGL held by another strategy — deferring.
2026-07-10 16:56:43,652 INFO AMD held by another strategy — deferring.
2026-07-10 16:56:43,901 INFO META held by another strategy — deferring.
2026-07-10 16:56:44,084 INFO AMZN held by another strategy — deferring.
2026-07-10 16:56:44,282 INFO GOOGL held by another strategy — deferring.
2026-07-10 16:57:44,643 INFO AMD held by another strategy — deferring.
2026-07-10 16:57:45,126 INFO META held by another strategy — deferring.
2026-07-10 16:57:45,543 INFO AMZN held by another strategy — deferring.
2026-07-10 16:57:45,735 INFO GOOGL held by another strategy — deferring.
2026-07-10 16:58:46,198 INFO AMD held by another strategy — deferring.
2026-07-10 16:58:46,616 INFO META held by another strategy — deferring.
2026-07-10 16:58:46,743 INFO AMZN held by another strategy — deferring.
2026-07-10 16:58:46,918 INFO GOOGL held by another strategy — deferring.
2026-07-10 16:59:47,349 INFO AMD held by another strategy — deferring.
2026-07-10 16:59:47,601 INFO META held by another strategy — deferring.
2026-07-10 16:59:47,943 INFO AMZN held by another strategy — deferring.
2026-07-10 16:59:48,114 INFO GOOGL held by another strategy — deferring.
2026-07-10 17:00:48,962 INFO AMD held by another strategy — deferring.
2026-07-10 17:00:49,211 INFO META held by another strategy — deferring.
2026-07-10 17:00:49,436 INFO AMZN held by another strategy — deferring.
2026-07-10 17:00:49,701 INFO GOOGL held by another strategy — deferring.
2026-07-10 17:01:50,468 INFO AMD held by another strategy — deferring.
2026-07-10 17:01:51,067 INFO META held by another strategy — deferring.
2026-07-10 17:01:51,225 INFO AMZN held by another strategy — deferring.
2026-07-10 17:01:51,389 INFO GOOGL held by another strategy — deferring.
2026-07-10 17:02:51,847 INFO AMD held by another strategy — deferring.
2026-07-10 17:02:52,158 INFO META held by another strategy — deferring.
2026-07-10 17:02:52,309 INFO AMZN held by another strategy — deferring.
2026-07-10 17:02:52,478 INFO GOOGL held by another strategy — deferring.
2026-07-10 17:03:53,463 INFO AMD held by another strategy — deferring.
2026-07-10 17:03:53,733 INFO META held by another strategy — deferring.
2026-07-10 17:03:53,882 INFO AMZN held by another strategy — deferring.
2026-07-10 17:03:54,028 INFO GOOGL held by another strategy — deferring.
2026-07-10 17:04:54,668 INFO AMD held by another strategy — deferring.
2026-07-10 17:04:54,922 INFO META held by another strategy — deferring.
2026-07-10 17:04:55,053 INFO AMZN held by another strategy — deferring.
2026-07-10 17:04:55,200 INFO GOOGL held by another strategy — deferring.
2026-07-10 17:05:55,930 INFO AMD held by another strategy — deferring.
2026-07-10 17:05:56,220 INFO META held by another strategy — deferring.
2026-07-10 17:05:56,369 INFO AMZN held by another strategy — deferring.
2026-07-10 17:05:56,544 INFO GOOGL held by another strategy — deferring.
2026-07-10 17:06:56,875 INFO AMD held by another strategy — deferring.
2026-07-10 17:06:57,146 INFO META held by another strategy — deferring.
2026-07-10 17:06:57,314 INFO AMZN held by another strategy — deferring.
2026-07-10 17:06:57,488 INFO GOOGL held by another strategy — deferring.
2026-07-10 17:07:58,190 INFO AMD held by another strategy — deferring.
2026-07-10 17:07:58,449 INFO META held by another strategy — deferring.
2026-07-10 17:07:58,920 INFO AMZN held by another strategy — deferring.
2026-07-10 17:07:59,525 INFO GOOGL held by another strategy — deferring.
2026-07-10 17:09:00,470 INFO AMD held by another strategy — deferring.
2026-07-10 17:09:00,824 INFO META held by another strategy — deferring.
2026-07-10 17:09:01,013 INFO AMZN held by another strategy — deferring.
2026-07-10 17:09:01,355 INFO GOOGL held by another strategy — deferring.
2026-07-10 17:10:02,558 INFO AMD held by another strategy — deferring.
2026-07-10 17:10:03,370 INFO META held by another strategy — deferring.
2026-07-10 17:10:03,580 INFO AMZN held by another strategy — deferring.
2026-07-10 17:10:03,796 INFO GOOGL held by another strategy — deferring.
2026-07-10 17:11:04,290 INFO AMD held by another strategy — deferring.
2026-07-10 17:11:04,661 INFO META held by another strategy — deferring.
2026-07-10 17:11:04,904 INFO AMZN held by another strategy — deferring.
2026-07-10 17:11:05,141 INFO GOOGL held by another strategy — deferring.
2026-07-10 17:12:05,826 INFO AMD held by another strategy — deferring.
2026-07-10 17:12:06,098 INFO META held by another strategy — deferring.
2026-07-10 17:12:06,320 INFO AMZN held by another strategy — deferring.
2026-07-10 17:12:06,561 INFO GOOGL held by another strategy — deferring.
2026-07-10 17:13:06,885 INFO AMD held by another strategy — deferring.
2026-07-10 17:13:07,144 INFO META held by another strategy — deferring.
2026-07-10 17:13:07,312 INFO AMZN held by another strategy — deferring.
2026-07-10 17:13:07,462 INFO GOOGL held by another strategy — deferring.
2026-07-10 17:14:07,748 INFO AMD held by another strategy — deferring.
2026-07-10 17:14:08,051 INFO META held by another strategy — deferring.
2026-07-10 17:14:08,237 INFO AMZN held by another strategy — deferring.
2026-07-10 17:14:08,448 INFO GOOGL held by another strategy — deferring.
2026-07-10 17:15:08,975 INFO AMD held by another strategy — deferring.
2026-07-10 17:15:09,316 INFO META held by another strategy — deferring.
2026-07-10 17:15:09,488 INFO AMZN held by another strategy — deferring.
2026-07-10 17:15:09,733 INFO GOOGL held by another strategy — deferring.
2026-07-10 17:16:10,473 INFO AMD held by another strategy — deferring.
2026-07-10 17:16:10,821 INFO META held by another strategy — deferring.
2026-07-10 17:16:10,998 INFO AMZN held by another strategy — deferring.
2026-07-10 17:16:11,348 INFO GOOGL held by another strategy — deferring.
2026-07-10 17:17:11,924 INFO AMD held by another strategy — deferring.
2026-07-10 17:17:12,187 INFO META held by another strategy — deferring.
2026-07-10 17:17:12,361 INFO AMZN held by another strategy — deferring.
2026-07-10 17:17:12,659 INFO GOOGL held by another strategy — deferring.
2026-07-10 17:18:13,183 INFO AMD held by another strategy — deferring.
2026-07-10 17:18:13,738 INFO META held by another strategy — deferring.
2026-07-10 17:18:13,896 INFO AMZN held by another strategy — deferring.
2026-07-10 17:18:14,153 INFO GOOGL held by another strategy — deferring.
2026-07-10 17:19:14,468 INFO AMD held by another strategy — deferring.
2026-07-10 17:19:14,726 INFO META held by another strategy — deferring.
2026-07-10 17:19:14,982 INFO AMZN held by another strategy — deferring.
2026-07-10 17:19:15,243 INFO GOOGL held by another strategy — deferring.
2026-07-10 17:20:15,700 INFO AMD held by another strategy — deferring.
2026-07-10 17:20:16,158 INFO META held by another strategy — deferring.
2026-07-10 17:20:16,274 INFO AMZN held by another strategy — deferring.
2026-07-10 17:20:16,732 INFO GOOGL held by another strategy — deferring.
2026-07-10 17:21:17,051 INFO AMD held by another strategy — deferring.
2026-07-10 17:21:17,371 INFO META held by another strategy — deferring.
2026-07-10 17:21:17,521 INFO AMZN held by another strategy — deferring.
2026-07-10 17:21:18,082 INFO GOOGL held by another strategy — deferring.
2026-07-10 17:22:18,391 INFO AMD held by another strategy — deferring.
2026-07-10 17:22:18,648 INFO META held by another strategy — deferring.
2026-07-10 17:22:18,782 INFO AMZN held by another strategy — deferring.
2026-07-10 17:22:19,240 INFO GOOGL held by another strategy — deferring.
2026-07-10 17:23:19,984 INFO AMD held by another strategy — deferring.
2026-07-10 17:23:20,353 INFO META held by another strategy — deferring.
2026-07-10 17:23:20,469 INFO AMZN held by another strategy — deferring.
2026-07-10 17:23:20,778 INFO GOOGL held by another strategy — deferring.
2026-07-10 17:24:21,417 INFO AMD held by another strategy — deferring.
2026-07-10 17:24:21,689 INFO META held by another strategy — deferring.
2026-07-10 17:24:21,893 INFO AMZN held by another strategy — deferring.
2026-07-10 17:24:22,135 INFO GOOGL held by another strategy — deferring.
2026-07-10 17:25:22,794 INFO AMD held by another strategy — deferring.
2026-07-10 17:25:23,055 INFO META held by another strategy — deferring.
2026-07-10 17:25:23,184 INFO AMZN held by another strategy — deferring.
2026-07-10 17:25:23,496 INFO GOOGL held by another strategy — deferring.
2026-07-10 17:26:23,805 INFO AMD held by another strategy — deferring.
2026-07-10 17:26:24,057 INFO META held by another strategy — deferring.
2026-07-10 17:26:24,201 INFO AMZN held by another strategy — deferring.
2026-07-10 17:26:24,608 INFO GOOGL held by another strategy — deferring.
2026-07-10 17:27:25,016 INFO AMD held by another strategy — deferring.
2026-07-10 17:27:25,309 INFO META held by another strategy — deferring.
2026-07-10 17:27:25,444 INFO AMZN held by another strategy — deferring.
2026-07-10 17:27:25,672 INFO GOOGL held by another strategy — deferring.
2026-07-10 17:28:26,073 INFO AMD held by another strategy — deferring.
2026-07-10 17:28:26,330 INFO META held by another strategy — deferring.
2026-07-10 17:28:26,453 INFO AMZN held by another strategy — deferring.
2026-07-10 17:28:26,661 INFO GOOGL held by another strategy — deferring.
2026-07-10 17:29:27,143 INFO AMD held by another strategy — deferring.
2026-07-10 17:29:27,437 INFO META held by another strategy — deferring.
2026-07-10 17:29:27,559 INFO AMZN held by another strategy — deferring.
2026-07-10 17:29:27,924 INFO GOOGL held by another strategy — deferring.
2026-07-10 17:30:28,758 INFO AMD held by another strategy — deferring.
2026-07-10 17:30:29,166 INFO META held by another strategy — deferring.
2026-07-10 17:30:29,413 INFO AMZN held by another strategy — deferring.
2026-07-10 17:30:29,842 INFO GOOGL held by another strategy — deferring.
2026-07-10 17:31:30,482 INFO AMD held by another strategy — deferring.
2026-07-10 17:31:30,933 INFO META held by another strategy — deferring.
2026-07-10 17:31:31,076 INFO AMZN held by another strategy — deferring.
2026-07-10 17:31:31,732 INFO GOOGL held by another strategy — deferring.
2026-07-10 17:32:32,163 INFO AMD held by another strategy — deferring.
2026-07-10 17:32:32,730 INFO META held by another strategy — deferring.
2026-07-10 17:32:32,900 INFO AMZN held by another strategy — deferring.
2026-07-10 17:32:33,211 INFO GOOGL held by another strategy — deferring.
2026-07-10 17:33:33,996 INFO AMD held by another strategy — deferring.
2026-07-10 17:33:34,533 INFO META held by another strategy — deferring.
2026-07-10 17:33:34,675 INFO AMZN held by another strategy — deferring.
2026-07-10 17:33:34,925 INFO GOOGL held by another strategy — deferring.
2026-07-10 17:34:35,379 INFO AMD held by another strategy — deferring.
2026-07-10 17:34:35,639 INFO META held by another strategy — deferring.
2026-07-10 17:34:35,753 INFO AMZN held by another strategy — deferring.
2026-07-10 17:34:36,078 INFO GOOGL held by another strategy — deferring.
2026-07-10 17:35:36,721 INFO AMD held by another strategy — deferring.
2026-07-10 17:35:36,991 INFO META held by another strategy — deferring.
2026-07-10 17:35:37,117 INFO AMZN held by another strategy — deferring.
2026-07-10 17:35:37,548 INFO GOOGL held by another strategy — deferring.
2026-07-10 17:36:38,146 INFO AMD held by another strategy — deferring.
2026-07-10 17:36:38,424 INFO META held by another strategy — deferring.
2026-07-10 17:36:38,755 INFO AMZN held by another strategy — deferring.
2026-07-10 17:36:39,089 INFO GOOGL held by another strategy — deferring.
2026-07-10 17:37:39,725 INFO AMD held by another strategy — deferring.
2026-07-10 17:37:40,114 INFO META held by another strategy — deferring.
2026-07-10 17:37:40,246 INFO AMZN held by another strategy — deferring.
2026-07-10 17:37:40,631 INFO GOOGL held by another strategy — deferring.
2026-07-10 17:38:40,997 INFO AMD held by another strategy — deferring.
2026-07-10 17:38:41,376 INFO META held by another strategy — deferring.
2026-07-10 17:38:41,641 INFO AMZN held by another strategy — deferring.
2026-07-10 17:38:41,893 INFO GOOGL held by another strategy — deferring.
2026-07-10 17:39:42,224 INFO AMD held by another strategy — deferring.
2026-07-10 17:39:42,486 INFO META held by another strategy — deferring.
2026-07-10 17:39:42,593 INFO AMZN held by another strategy — deferring.
2026-07-10 17:39:42,844 INFO GOOGL held by another strategy — deferring.
2026-07-10 17:40:43,295 INFO AMD held by another strategy — deferring.
2026-07-10 17:40:43,917 INFO META held by another strategy — deferring.
2026-07-10 17:40:44,110 INFO AMZN held by another strategy — deferring.
2026-07-10 17:40:44,558 INFO GOOGL held by another strategy — deferring.
2026-07-10 17:41:45,200 INFO AMD held by another strategy — deferring.
2026-07-10 17:41:45,684 INFO META held by another strategy — deferring.
2026-07-10 17:41:45,831 INFO AMZN held by another strategy — deferring.
2026-07-10 17:41:46,168 INFO GOOGL held by another strategy — deferring.
2026-07-10 17:42:46,494 INFO AMD held by another strategy — deferring.
2026-07-10 17:42:46,777 INFO META held by another strategy — deferring.
2026-07-10 17:42:46,897 INFO AMZN held by another strategy — deferring.
2026-07-10 17:42:47,176 INFO GOOGL held by another strategy — deferring.
2026-07-10 17:43:47,594 INFO AMD held by another strategy — deferring.
2026-07-10 17:43:48,160 INFO META held by another strategy — deferring.
2026-07-10 17:43:48,270 INFO AMZN held by another strategy — deferring.
2026-07-10 17:43:48,412 INFO GOOGL held by another strategy — deferring.
2026-07-10 17:44:49,092 INFO AMD held by another strategy — deferring.
2026-07-10 17:44:49,466 INFO META held by another strategy — deferring.
2026-07-10 17:44:49,633 INFO AMZN held by another strategy — deferring.
2026-07-10 17:44:49,892 INFO GOOGL held by another strategy — deferring.
2026-07-10 17:45:50,593 INFO AMD held by another strategy — deferring.
2026-07-10 17:45:51,187 INFO META held by another strategy — deferring.
2026-07-10 17:45:51,297 INFO AMZN held by another strategy — deferring.
2026-07-10 17:45:51,683 INFO GOOGL held by another strategy — deferring.
2026-07-10 17:46:52,186 INFO AMD held by another strategy — deferring.
2026-07-10 17:46:52,494 INFO META held by another strategy — deferring.
2026-07-10 17:46:52,640 INFO AMZN held by another strategy — deferring.
2026-07-10 17:46:52,981 INFO GOOGL held by another strategy — deferring.
2026-07-10 17:47:53,325 INFO AMD held by another strategy — deferring.
2026-07-10 17:47:53,606 INFO META held by another strategy — deferring.
2026-07-10 17:47:53,721 INFO AMZN held by another strategy — deferring.
2026-07-10 17:47:54,042 INFO GOOGL held by another strategy — deferring.
2026-07-10 17:48:54,462 INFO AMD held by another strategy — deferring.
2026-07-10 17:48:54,753 INFO META held by another strategy — deferring.
2026-07-10 17:48:54,874 INFO AMZN held by another strategy — deferring.
2026-07-10 17:48:55,142 INFO GOOGL held by another strategy — deferring.
2026-07-10 17:49:55,644 INFO AMD held by another strategy — deferring.
2026-07-10 17:49:56,425 INFO META held by another strategy — deferring.
2026-07-10 17:49:56,550 INFO AMZN held by another strategy — deferring.
2026-07-10 17:49:56,763 INFO GOOGL held by another strategy — deferring.
2026-07-10 17:50:57,734 INFO AMD held by another strategy — deferring.
2026-07-10 17:50:58,073 INFO META held by another strategy — deferring.
2026-07-10 17:50:58,191 INFO AMZN held by another strategy — deferring.
2026-07-10 17:50:58,600 INFO GOOGL held by another strategy — deferring.
2026-07-10 17:51:58,957 INFO AMD held by another strategy — deferring.
2026-07-10 17:51:59,240 INFO META held by another strategy — deferring.
2026-07-10 17:51:59,395 INFO AMZN held by another strategy — deferring.
2026-07-10 17:51:59,893 INFO GOOGL held by another strategy — deferring.
2026-07-10 17:53:00,636 INFO AMD held by another strategy — deferring.
2026-07-10 17:53:01,257 INFO META held by another strategy — deferring.
2026-07-10 17:53:01,501 INFO AMZN held by another strategy — deferring.
2026-07-10 17:53:01,736 INFO GOOGL held by another strategy — deferring.
2026-07-10 17:54:02,275 INFO AMD held by another strategy — deferring.
2026-07-10 17:54:02,569 INFO META held by another strategy — deferring.
2026-07-10 17:54:02,704 INFO AMZN held by another strategy — deferring.
2026-07-10 17:54:03,014 INFO GOOGL held by another strategy — deferring.
2026-07-10 17:55:03,777 INFO AMD held by another strategy — deferring.
2026-07-10 17:55:04,149 INFO META held by another strategy — deferring.
2026-07-10 17:55:04,302 INFO AMZN held by another strategy — deferring.
2026-07-10 17:55:04,554 INFO GOOGL held by another strategy — deferring.
2026-07-10 17:56:05,325 INFO AMD held by another strategy — deferring.
2026-07-10 17:56:05,582 INFO META held by another strategy — deferring.
2026-07-10 17:56:05,718 INFO AMZN held by another strategy — deferring.
2026-07-10 17:56:06,005 INFO GOOGL held by another strategy — deferring.
2026-07-10 17:57:06,700 INFO AMD held by another strategy — deferring.
2026-07-10 17:57:06,963 INFO META held by another strategy — deferring.
2026-07-10 17:57:07,100 INFO AMZN held by another strategy — deferring.
2026-07-10 17:57:07,353 INFO GOOGL held by another strategy — deferring.
2026-07-10 17:58:07,891 INFO AMD held by another strategy — deferring.
2026-07-10 17:58:08,148 INFO META held by another strategy — deferring.
2026-07-10 17:58:08,266 INFO AMZN held by another strategy — deferring.
2026-07-10 17:58:08,562 INFO GOOGL held by another strategy — deferring.
2026-07-10 17:59:09,243 INFO AMD held by another strategy — deferring.
2026-07-10 17:59:09,552 INFO META held by another strategy — deferring.
2026-07-10 17:59:09,781 INFO AMZN held by another strategy — deferring.
2026-07-10 17:59:10,072 INFO GOOGL held by another strategy — deferring.
2026-07-10 18:00:11,126 INFO AMD held by another strategy — deferring.
2026-07-10 18:00:11,621 INFO META held by another strategy — deferring.
2026-07-10 18:00:11,936 INFO AMZN held by another strategy — deferring.
2026-07-10 18:00:12,507 INFO GOOGL held by another strategy — deferring.
2026-07-10 18:01:13,439 INFO AMD held by another strategy — deferring.
2026-07-10 18:01:13,855 INFO META held by another strategy — deferring.
2026-07-10 18:01:14,111 INFO AMZN held by another strategy — deferring.
2026-07-10 18:01:14,903 INFO GOOGL held by another strategy — deferring.
2026-07-10 18:02:15,672 INFO AMD held by another strategy — deferring.
2026-07-10 18:02:16,027 INFO META held by another strategy — deferring.
2026-07-10 18:02:16,171 INFO AMZN held by another strategy — deferring.
2026-07-10 18:02:16,747 INFO GOOGL held by another strategy — deferring.
2026-07-10 18:03:17,281 INFO AMD held by another strategy — deferring.
2026-07-10 18:03:17,557 INFO META held by another strategy — deferring.
2026-07-10 18:03:17,684 INFO AMZN held by another strategy — deferring.
2026-07-10 18:03:18,137 INFO GOOGL held by another strategy — deferring.
2026-07-10 18:04:18,713 INFO AMD held by another strategy — deferring.
2026-07-10 18:04:19,195 INFO META held by another strategy — deferring.
2026-07-10 18:04:19,402 INFO AMZN held by another strategy — deferring.
2026-07-10 18:04:20,117 INFO GOOGL held by another strategy — deferring.
2026-07-10 18:05:20,777 INFO AMD held by another strategy — deferring.
2026-07-10 18:05:21,105 INFO META held by another strategy — deferring.
2026-07-10 18:05:21,260 INFO AMZN held by another strategy — deferring.
2026-07-10 18:05:21,831 INFO GOOGL held by another strategy — deferring.
2026-07-10 18:06:22,467 INFO AMD held by another strategy — deferring.
2026-07-10 18:06:23,183 INFO META held by another strategy — deferring.
2026-07-10 18:06:23,313 INFO AMZN held by another strategy — deferring.
2026-07-10 18:06:23,913 INFO GOOGL held by another strategy — deferring.
2026-07-10 18:07:24,403 INFO AMD held by another strategy — deferring.
2026-07-10 18:07:24,668 INFO META held by another strategy — deferring.
2026-07-10 18:07:24,856 INFO AMZN held by another strategy — deferring.
2026-07-10 18:07:25,290 INFO GOOGL held by another strategy — deferring.
2026-07-10 18:08:25,633 INFO AMD held by another strategy — deferring.
2026-07-10 18:08:26,184 INFO META held by another strategy — deferring.
2026-07-10 18:08:26,313 INFO AMZN held by another strategy — deferring.
2026-07-10 18:08:26,647 INFO GOOGL held by another strategy — deferring.
2026-07-10 18:09:27,216 INFO AMD held by another strategy — deferring.
2026-07-10 18:09:27,476 INFO META held by another strategy — deferring.
2026-07-10 18:09:27,632 INFO AMZN held by another strategy — deferring.
2026-07-10 18:09:27,988 INFO GOOGL held by another strategy — deferring.
2026-07-10 18:10:28,395 INFO AMD held by another strategy — deferring.
2026-07-10 18:10:28,760 INFO META held by another strategy — deferring.
2026-07-10 18:10:28,925 INFO AMZN held by another strategy — deferring.
2026-07-10 18:10:29,455 INFO GOOGL held by another strategy — deferring.
2026-07-10 18:11:29,920 INFO AMD held by another strategy — deferring.
2026-07-10 18:11:30,192 INFO META held by another strategy — deferring.
2026-07-10 18:11:30,337 INFO AMZN held by another strategy — deferring.
2026-07-10 18:11:30,899 INFO GOOGL held by another strategy — deferring.
2026-07-10 18:12:31,355 INFO AMD held by another strategy — deferring.
2026-07-10 18:12:31,683 INFO META held by another strategy — deferring.
2026-07-10 18:12:31,843 INFO AMZN held by another strategy — deferring.
2026-07-10 18:12:32,227 INFO GOOGL held by another strategy — deferring.
2026-07-10 18:13:32,809 INFO AMD held by another strategy — deferring.
2026-07-10 18:13:33,100 INFO META held by another strategy — deferring.
2026-07-10 18:13:33,241 INFO AMZN held by another strategy — deferring.
2026-07-10 18:13:33,573 INFO GOOGL held by another strategy — deferring.
2026-07-10 18:14:34,064 INFO AMD held by another strategy — deferring.
2026-07-10 18:14:34,685 INFO META held by another strategy — deferring.
2026-07-10 18:14:34,808 INFO AMZN held by another strategy — deferring.
2026-07-10 18:14:35,088 INFO GOOGL held by another strategy — deferring.
2026-07-10 18:15:35,649 INFO AMD held by another strategy — deferring.
2026-07-10 18:15:36,218 INFO META held by another strategy — deferring.
2026-07-10 18:15:36,369 INFO AMZN held by another strategy — deferring.
2026-07-10 18:15:36,837 INFO GOOGL held by another strategy — deferring.
2026-07-10 18:16:37,145 INFO AMD held by another strategy — deferring.
2026-07-10 18:16:37,536 INFO META held by another strategy — deferring.
2026-07-10 18:16:37,699 INFO AMZN held by another strategy — deferring.
2026-07-10 18:16:38,238 INFO GOOGL held by another strategy — deferring.
2026-07-10 18:17:38,623 INFO AMD held by another strategy — deferring.
2026-07-10 18:17:38,875 INFO META held by another strategy — deferring.
2026-07-10 18:17:39,031 INFO AMZN held by another strategy — deferring.
2026-07-10 18:17:39,439 INFO GOOGL held by another strategy — deferring.
2026-07-10 18:18:39,777 INFO AMD held by another strategy — deferring.
2026-07-10 18:18:40,176 INFO META held by another strategy — deferring.
2026-07-10 18:18:40,318 INFO AMZN held by another strategy — deferring.
2026-07-10 18:18:40,604 INFO GOOGL held by another strategy — deferring.
2026-07-10 18:19:41,006 INFO AMD held by another strategy — deferring.
2026-07-10 18:19:41,321 INFO META held by another strategy — deferring.
2026-07-10 18:19:41,451 INFO AMZN held by another strategy — deferring.
2026-07-10 18:19:41,748 INFO GOOGL held by another strategy — deferring.
2026-07-10 18:20:42,093 INFO AMD held by another strategy — deferring.
2026-07-10 18:20:42,368 INFO META held by another strategy — deferring.
2026-07-10 18:20:42,530 INFO AMZN held by another strategy — deferring.
2026-07-10 18:20:43,103 INFO GOOGL held by another strategy — deferring.
2026-07-10 18:21:43,535 INFO AMD held by another strategy — deferring.
2026-07-10 18:21:44,112 INFO META held by another strategy — deferring.
2026-07-10 18:21:44,442 INFO AMZN held by another strategy — deferring.
2026-07-10 18:21:45,091 INFO GOOGL held by another strategy — deferring.
2026-07-10 18:22:45,488 INFO AMD held by another strategy — deferring.
2026-07-10 18:22:45,773 INFO META held by another strategy — deferring.
2026-07-10 18:22:45,954 INFO AMZN held by another strategy — deferring.
2026-07-10 18:22:46,331 INFO GOOGL held by another strategy — deferring.
2026-07-10 18:23:46,643 INFO AMD held by another strategy — deferring.
2026-07-10 18:23:46,982 INFO META held by another strategy — deferring.
2026-07-10 18:23:47,114 INFO AMZN held by another strategy — deferring.
2026-07-10 18:23:47,554 INFO GOOGL held by another strategy — deferring.
2026-07-10 18:24:48,170 INFO AMD held by another strategy — deferring.
2026-07-10 18:24:48,452 INFO META held by another strategy — deferring.
2026-07-10 18:24:48,566 INFO AMZN held by another strategy — deferring.
2026-07-10 18:24:49,065 INFO GOOGL held by another strategy — deferring.
2026-07-10 18:25:49,467 INFO AMD held by another strategy — deferring.
2026-07-10 18:25:49,726 INFO META held by another strategy — deferring.
2026-07-10 18:25:49,876 INFO AMZN held by another strategy — deferring.
2026-07-10 18:25:50,471 INFO GOOGL held by another strategy — deferring.
2026-07-10 18:26:50,776 INFO AMD held by another strategy — deferring.
2026-07-10 18:26:51,049 INFO META held by another strategy — deferring.
2026-07-10 18:26:51,223 INFO AMZN held by another strategy — deferring.
2026-07-10 18:26:51,582 INFO GOOGL held by another strategy — deferring.
2026-07-10 18:27:51,909 INFO AMD held by another strategy — deferring.
2026-07-10 18:27:52,220 INFO META held by another strategy — deferring.
2026-07-10 18:27:52,379 INFO AMZN held by another strategy — deferring.
2026-07-10 18:27:52,852 INFO GOOGL held by another strategy — deferring.
2026-07-10 18:28:53,192 INFO AMD held by another strategy — deferring.
2026-07-10 18:28:53,521 INFO META held by another strategy — deferring.
2026-07-10 18:28:53,643 INFO AMZN held by another strategy — deferring.
2026-07-10 18:28:53,929 INFO GOOGL held by another strategy — deferring.
2026-07-10 18:29:54,240 INFO AMD held by another strategy — deferring.
2026-07-10 18:29:54,722 INFO META held by another strategy — deferring.
2026-07-10 18:29:54,869 INFO AMZN held by another strategy — deferring.
2026-07-10 18:29:55,319 INFO GOOGL held by another strategy — deferring.
2026-07-10 18:30:56,215 INFO AMD held by another strategy — deferring.
2026-07-10 18:30:56,684 INFO META held by another strategy — deferring.
2026-07-10 18:30:56,841 INFO AMZN held by another strategy — deferring.
2026-07-10 18:30:57,304 INFO GOOGL held by another strategy — deferring.
2026-07-10 18:31:57,665 INFO AMD held by another strategy — deferring.
2026-07-10 18:31:58,095 INFO META held by another strategy — deferring.
2026-07-10 18:31:58,236 INFO AMZN held by another strategy — deferring.
2026-07-10 18:31:58,675 INFO GOOGL held by another strategy — deferring.
2026-07-10 18:32:59,048 INFO AMD held by another strategy — deferring.
2026-07-10 18:32:59,448 INFO META held by another strategy — deferring.
2026-07-10 18:32:59,667 INFO AMZN held by another strategy — deferring.
2026-07-10 18:33:00,080 INFO GOOGL held by another strategy — deferring.
2026-07-10 18:34:01,841 INFO AMD held by another strategy — deferring.
2026-07-10 18:34:03,541 INFO META held by another strategy — deferring.
2026-07-10 18:34:03,668 INFO AMZN held by another strategy — deferring.
2026-07-10 18:34:04,171 INFO GOOGL held by another strategy — deferring.
2026-07-10 18:35:05,960 INFO AMD held by another strategy — deferring.
2026-07-10 18:35:07,110 INFO META held by another strategy — deferring.
2026-07-10 18:35:07,390 INFO AMZN held by another strategy — deferring.
2026-07-10 18:35:07,872 INFO GOOGL held by another strategy — deferring.
2026-07-10 18:36:08,207 INFO AMD held by another strategy — deferring.
2026-07-10 18:36:08,571 INFO META held by another strategy — deferring.
2026-07-10 18:36:08,756 INFO AMZN held by another strategy — deferring.
2026-07-10 18:36:09,248 INFO GOOGL held by another strategy — deferring.
2026-07-10 18:37:09,640 INFO AMD held by another strategy — deferring.
2026-07-10 18:37:10,139 INFO META held by another strategy — deferring.
2026-07-10 18:37:10,284 INFO AMZN held by another strategy — deferring.
2026-07-10 18:37:10,808 INFO GOOGL held by another strategy — deferring.
2026-07-10 18:38:11,199 INFO AMD held by another strategy — deferring.
2026-07-10 18:38:11,461 INFO META held by another strategy — deferring.
2026-07-10 18:38:11,758 INFO AMZN held by another strategy — deferring.
2026-07-10 18:38:12,392 INFO GOOGL held by another strategy — deferring.
2026-07-10 18:39:12,690 INFO AMD held by another strategy — deferring.
2026-07-10 18:39:12,951 INFO META held by another strategy — deferring.
2026-07-10 18:39:13,075 INFO AMZN held by another strategy — deferring.
2026-07-10 18:39:13,727 INFO GOOGL held by another strategy — deferring.
2026-07-10 18:40:14,276 INFO AMD held by another strategy — deferring.
2026-07-10 18:40:14,647 INFO META held by another strategy — deferring.
2026-07-10 18:40:14,770 INFO AMZN held by another strategy — deferring.
2026-07-10 18:40:15,340 INFO GOOGL held by another strategy — deferring.
2026-07-10 18:41:15,720 INFO AMD held by another strategy — deferring.
2026-07-10 18:41:15,999 INFO META held by another strategy — deferring.
2026-07-10 18:41:16,167 INFO AMZN held by another strategy — deferring.
2026-07-10 18:41:16,681 INFO GOOGL held by another strategy — deferring.
2026-07-10 18:42:17,110 INFO AMD held by another strategy — deferring.
2026-07-10 18:42:17,416 INFO META held by another strategy — deferring.
2026-07-10 18:42:17,544 INFO AMZN held by another strategy — deferring.
2026-07-10 18:42:17,936 INFO GOOGL held by another strategy — deferring.
2026-07-10 18:43:18,283 INFO AMD held by another strategy — deferring.
2026-07-10 18:43:18,554 INFO META held by another strategy — deferring.
2026-07-10 18:43:18,709 INFO AMZN held by another strategy — deferring.
2026-07-10 18:43:19,091 INFO GOOGL held by another strategy — deferring.
2026-07-10 18:44:19,582 INFO AMD held by another strategy — deferring.
2026-07-10 18:44:19,821 INFO META held by another strategy — deferring.
2026-07-10 18:44:19,933 INFO AMZN held by another strategy — deferring.
2026-07-10 18:44:20,222 INFO GOOGL held by another strategy — deferring.
2026-07-10 18:45:20,992 INFO AMD held by another strategy — deferring.
2026-07-10 18:45:21,485 INFO META held by another strategy — deferring.
2026-07-10 18:45:21,634 INFO AMZN held by another strategy — deferring.
2026-07-10 18:45:22,296 INFO GOOGL held by another strategy — deferring.
2026-07-10 18:46:22,842 INFO AMD held by another strategy — deferring.
2026-07-10 18:46:23,326 INFO META held by another strategy — deferring.
2026-07-10 18:46:23,800 INFO AMZN held by another strategy — deferring.
2026-07-10 18:46:24,523 INFO GOOGL held by another strategy — deferring.
2026-07-10 18:47:25,289 INFO AMD held by another strategy — deferring.
2026-07-10 18:47:25,932 INFO META held by another strategy — deferring.
2026-07-10 18:47:26,062 INFO AMZN held by another strategy — deferring.
2026-07-10 18:47:26,647 INFO GOOGL held by another strategy — deferring.
2026-07-10 18:48:27,103 INFO AMD held by another strategy — deferring.
2026-07-10 18:48:27,385 INFO META held by another strategy — deferring.
2026-07-10 18:48:27,510 INFO AMZN held by another strategy — deferring.
2026-07-10 18:48:28,216 INFO GOOGL held by another strategy — deferring.
2026-07-10 18:49:28,529 INFO AMD held by another strategy — deferring.
2026-07-10 18:49:28,832 INFO META held by another strategy — deferring.
2026-07-10 18:49:28,954 INFO AMZN held by another strategy — deferring.
2026-07-10 18:49:29,459 INFO GOOGL held by another strategy — deferring.
2026-07-10 18:50:29,762 INFO AMD held by another strategy — deferring.
2026-07-10 18:50:30,052 INFO META held by another strategy — deferring.
2026-07-10 18:50:30,291 INFO AMZN held by another strategy — deferring.
2026-07-10 18:50:31,182 INFO GOOGL held by another strategy — deferring.
2026-07-10 18:51:31,526 INFO AMD held by another strategy — deferring.
2026-07-10 18:51:31,768 INFO META held by another strategy — deferring.
2026-07-10 18:51:31,905 INFO AMZN held by another strategy — deferring.
2026-07-10 18:51:32,549 INFO GOOGL held by another strategy — deferring.
2026-07-10 18:52:33,041 INFO AMD held by another strategy — deferring.
2026-07-10 18:52:33,380 INFO META held by another strategy — deferring.
2026-07-10 18:52:33,491 INFO AMZN held by another strategy — deferring.
2026-07-10 18:52:33,918 INFO GOOGL held by another strategy — deferring.
2026-07-10 18:53:34,601 INFO AMD held by another strategy — deferring.
2026-07-10 18:53:34,849 INFO META held by another strategy — deferring.
2026-07-10 18:53:34,961 INFO AMZN held by another strategy — deferring.
2026-07-10 18:53:35,405 INFO GOOGL held by another strategy — deferring.
2026-07-10 18:54:35,775 INFO AMD held by another strategy — deferring.
2026-07-10 18:54:36,219 INFO META held by another strategy — deferring.
2026-07-10 18:54:36,375 INFO AMZN held by another strategy — deferring.
2026-07-10 18:54:36,947 INFO GOOGL held by another strategy — deferring.
2026-07-10 18:55:37,347 INFO AMD held by another strategy — deferring.
2026-07-10 18:55:37,715 INFO META held by another strategy — deferring.
2026-07-10 18:55:37,987 INFO AMZN held by another strategy — deferring.
2026-07-10 18:55:38,453 INFO GOOGL held by another strategy — deferring.
2026-07-10 18:56:38,775 INFO AMD held by another strategy — deferring.
2026-07-10 18:56:39,063 INFO META held by another strategy — deferring.
2026-07-10 18:56:39,202 INFO AMZN held by another strategy — deferring.
2026-07-10 18:56:40,039 INFO GOOGL held by another strategy — deferring.
2026-07-10 18:57:40,486 INFO AMD held by another strategy — deferring.
2026-07-10 18:57:40,740 INFO META held by another strategy — deferring.
2026-07-10 18:57:40,873 INFO AMZN held by another strategy — deferring.
2026-07-10 18:57:41,342 INFO GOOGL held by another strategy — deferring.
2026-07-10 18:58:41,862 INFO AMD held by another strategy — deferring.
2026-07-10 18:58:42,208 INFO META held by another strategy — deferring.
2026-07-10 18:58:42,338 INFO AMZN held by another strategy — deferring.
2026-07-10 18:58:42,721 INFO GOOGL held by another strategy — deferring.
2026-07-10 18:59:43,090 INFO AMD held by another strategy — deferring.
2026-07-10 18:59:43,337 INFO META held by another strategy — deferring.
2026-07-10 18:59:43,463 INFO AMZN held by another strategy — deferring.
2026-07-10 18:59:43,739 INFO GOOGL held by another strategy — deferring.
2026-07-10 19:00:44,388 INFO AMD held by another strategy — deferring.
2026-07-10 19:00:45,047 INFO META held by another strategy — deferring.
2026-07-10 19:00:45,304 INFO AMZN held by another strategy — deferring.
2026-07-10 19:00:46,071 INFO GOOGL held by another strategy — deferring.
2026-07-10 19:01:46,554 INFO AMD held by another strategy — deferring.
2026-07-10 19:01:46,981 INFO META held by another strategy — deferring.
2026-07-10 19:01:47,171 INFO AMZN held by another strategy — deferring.
2026-07-10 19:01:48,075 INFO GOOGL held by another strategy — deferring.
2026-07-10 19:02:48,452 INFO AMD held by another strategy — deferring.
2026-07-10 19:02:48,722 INFO META held by another strategy — deferring.
2026-07-10 19:02:48,853 INFO AMZN held by another strategy — deferring.
2026-07-10 19:02:49,194 INFO GOOGL held by another strategy — deferring.
2026-07-10 19:03:49,612 INFO AMD held by another strategy — deferring.
2026-07-10 19:03:50,027 INFO META held by another strategy — deferring.
2026-07-10 19:03:50,183 INFO AMZN held by another strategy — deferring.
2026-07-10 19:03:50,356 INFO GOOGL held by another strategy — deferring.
2026-07-10 19:04:50,844 INFO AMD held by another strategy — deferring.
2026-07-10 19:04:51,120 INFO META held by another strategy — deferring.
2026-07-10 19:04:51,238 INFO AMZN held by another strategy — deferring.
2026-07-10 19:04:51,359 INFO GOOGL held by another strategy — deferring.
2026-07-10 19:05:52,456 INFO AMD held by another strategy — deferring.
2026-07-10 19:05:52,791 INFO META held by another strategy — deferring.
2026-07-10 19:05:52,925 INFO AMZN held by another strategy — deferring.
2026-07-10 19:05:53,047 INFO GOOGL held by another strategy — deferring.
2026-07-10 19:06:54,086 INFO AMD held by another strategy — deferring.
2026-07-10 19:06:54,409 INFO META held by another strategy — deferring.
2026-07-10 19:06:54,718 INFO AMZN held by another strategy — deferring.
2026-07-10 19:06:54,906 INFO GOOGL held by another strategy — deferring.
2026-07-10 19:07:55,943 INFO AMD held by another strategy — deferring.
2026-07-10 19:07:56,245 INFO META held by another strategy — deferring.
2026-07-10 19:07:56,457 INFO AMZN held by another strategy — deferring.
2026-07-10 19:07:56,610 INFO GOOGL held by another strategy — deferring.
2026-07-10 19:08:56,957 INFO AMD held by another strategy — deferring.
2026-07-10 19:08:57,228 INFO META held by another strategy — deferring.
2026-07-10 19:08:57,355 INFO AMZN held by another strategy — deferring.
2026-07-10 19:08:57,479 INFO GOOGL held by another strategy — deferring.
2026-07-10 19:09:57,761 INFO AMD held by another strategy — deferring.
2026-07-10 19:09:58,015 INFO META held by another strategy — deferring.
2026-07-10 19:09:58,173 INFO AMZN held by another strategy — deferring.
2026-07-10 19:09:58,297 INFO GOOGL held by another strategy — deferring.
2026-07-10 19:10:58,596 INFO AMD held by another strategy — deferring.
2026-07-10 19:10:59,269 INFO META held by another strategy — deferring.
2026-07-10 19:10:59,388 INFO AMZN held by another strategy — deferring.
2026-07-10 19:10:59,650 INFO GOOGL held by another strategy — deferring.
2026-07-10 19:12:00,003 INFO AMD held by another strategy — deferring.
2026-07-10 19:12:00,441 INFO META held by another strategy — deferring.
2026-07-10 19:12:00,627 INFO AMZN held by another strategy — deferring.
2026-07-10 19:12:00,766 INFO GOOGL held by another strategy — deferring.
2026-07-10 19:13:01,403 INFO AMD held by another strategy — deferring.
2026-07-10 19:13:01,992 INFO META held by another strategy — deferring.
2026-07-10 19:13:02,144 INFO AMZN held by another strategy — deferring.
2026-07-10 19:13:02,279 INFO GOOGL held by another strategy — deferring.
2026-07-10 19:14:03,039 INFO AMD held by another strategy — deferring.
2026-07-10 19:14:03,460 INFO META held by another strategy — deferring.
2026-07-10 19:14:03,596 INFO AMZN held by another strategy — deferring.
2026-07-10 19:14:03,730 INFO GOOGL held by another strategy — deferring.
2026-07-10 19:15:04,950 INFO AMD held by another strategy — deferring.
2026-07-10 19:15:05,499 INFO META held by another strategy — deferring.
2026-07-10 19:15:05,736 INFO AMZN held by another strategy — deferring.
2026-07-10 19:15:05,906 INFO GOOGL held by another strategy — deferring.
2026-07-10 19:16:06,246 INFO AMD held by another strategy — deferring.
2026-07-10 19:16:07,047 INFO META held by another strategy — deferring.
2026-07-10 19:16:07,543 INFO AMZN held by another strategy — deferring.
2026-07-10 19:16:07,682 INFO GOOGL held by another strategy — deferring.
2026-07-10 19:17:08,359 INFO AMD held by another strategy — deferring.
2026-07-10 19:17:08,971 INFO META held by another strategy — deferring.
2026-07-10 19:17:09,150 INFO AMZN held by another strategy — deferring.
2026-07-10 19:17:09,264 INFO GOOGL held by another strategy — deferring.
2026-07-10 19:18:09,736 INFO AMD held by another strategy — deferring.
2026-07-10 19:18:10,510 INFO META held by another strategy — deferring.
2026-07-10 19:18:10,784 INFO AMZN held by another strategy — deferring.
2026-07-10 19:18:11,102 INFO GOOGL held by another strategy — deferring.
2026-07-10 19:19:11,660 INFO AMD held by another strategy — deferring.
2026-07-10 19:19:12,051 INFO META held by another strategy — deferring.
2026-07-10 19:19:12,529 INFO AMZN held by another strategy — deferring.
2026-07-10 19:19:13,020 INFO GOOGL held by another strategy — deferring.
2026-07-10 19:20:13,350 INFO AMD held by another strategy — deferring.
2026-07-10 19:20:13,737 INFO META held by another strategy — deferring.
2026-07-10 19:20:13,862 INFO AMZN held by another strategy — deferring.
2026-07-10 19:20:14,291 INFO GOOGL held by another strategy — deferring.
2026-07-10 19:21:15,030 INFO AMD held by another strategy — deferring.
2026-07-10 19:21:15,449 INFO META held by another strategy — deferring.
2026-07-10 19:21:15,728 INFO AMZN held by another strategy — deferring.
2026-07-10 19:21:15,894 INFO GOOGL held by another strategy — deferring.
2026-07-10 19:22:16,182 INFO AMD held by another strategy — deferring.
2026-07-10 19:22:16,589 INFO META held by another strategy — deferring.
2026-07-10 19:22:16,726 INFO AMZN held by another strategy — deferring.
2026-07-10 19:22:16,836 INFO GOOGL held by another strategy — deferring.
2026-07-10 19:23:17,286 INFO AMD held by another strategy — deferring.
2026-07-10 19:23:17,572 INFO META held by another strategy — deferring.
2026-07-10 19:23:17,790 INFO AMZN held by another strategy — deferring.
2026-07-10 19:23:17,902 INFO GOOGL held by another strategy — deferring.
2026-07-10 19:24:18,202 INFO AMD held by another strategy — deferring.
2026-07-10 19:24:18,452 INFO META held by another strategy — deferring.
2026-07-10 19:24:18,618 INFO AMZN held by another strategy — deferring.
2026-07-10 19:24:18,734 INFO GOOGL held by another strategy — deferring.
2026-07-10 19:25:19,036 INFO AMD held by another strategy — deferring.
2026-07-10 19:25:19,389 INFO META held by another strategy — deferring.
2026-07-10 19:25:19,536 INFO AMZN held by another strategy — deferring.
2026-07-10 19:25:19,644 INFO GOOGL held by another strategy — deferring.
2026-07-10 19:26:19,964 INFO AMD held by another strategy — deferring.
2026-07-10 19:26:20,457 INFO META held by another strategy — deferring.
2026-07-10 19:26:20,590 INFO AMZN held by another strategy — deferring.
2026-07-10 19:26:20,749 INFO GOOGL held by another strategy — deferring.
2026-07-10 19:27:21,215 INFO AMD held by another strategy — deferring.
2026-07-10 19:27:21,644 INFO META held by another strategy — deferring.
2026-07-10 19:27:21,787 INFO AMZN held by another strategy — deferring.
2026-07-10 19:27:21,899 INFO GOOGL held by another strategy — deferring.
2026-07-10 19:28:22,214 INFO AMD held by another strategy — deferring.
2026-07-10 19:28:22,646 INFO META held by another strategy — deferring.
2026-07-10 19:28:22,801 INFO AMZN held by another strategy — deferring.
2026-07-10 19:28:22,932 INFO GOOGL held by another strategy — deferring.
2026-07-10 19:29:23,285 INFO AMD held by another strategy — deferring.
2026-07-10 19:29:23,743 INFO META held by another strategy — deferring.
2026-07-10 19:29:23,976 INFO AMZN held by another strategy — deferring.
2026-07-10 19:29:24,099 INFO GOOGL held by another strategy — deferring.
2026-07-10 19:30:24,455 INFO AMD held by another strategy — deferring.
2026-07-10 19:30:24,930 INFO META held by another strategy — deferring.
2026-07-10 19:30:25,183 INFO AMZN held by another strategy — deferring.
2026-07-10 19:30:25,337 INFO GOOGL held by another strategy — deferring.
2026-07-10 19:31:25,677 INFO AMD held by another strategy — deferring.
2026-07-10 19:31:26,208 INFO META held by another strategy — deferring.
2026-07-10 19:31:26,606 INFO AMZN held by another strategy — deferring.
2026-07-10 19:31:26,729 INFO GOOGL held by another strategy — deferring.
2026-07-10 19:32:27,103 INFO AMD held by another strategy — deferring.
2026-07-10 19:32:27,591 INFO META held by another strategy — deferring.
2026-07-10 19:32:27,797 INFO AMZN held by another strategy — deferring.
2026-07-10 19:32:27,925 INFO GOOGL held by another strategy — deferring.
2026-07-10 19:33:28,243 INFO AMD held by another strategy — deferring.
2026-07-10 19:33:28,594 INFO META held by another strategy — deferring.
2026-07-10 19:33:28,938 INFO AMZN held by another strategy — deferring.
2026-07-10 19:33:29,052 INFO GOOGL held by another strategy — deferring.
2026-07-10 19:34:29,463 INFO AMD held by another strategy — deferring.
2026-07-10 19:34:29,739 INFO META held by another strategy — deferring.
2026-07-10 19:34:29,870 INFO AMZN held by another strategy — deferring.
2026-07-10 19:34:30,004 INFO GOOGL held by another strategy — deferring.
2026-07-10 19:35:30,697 INFO AMD held by another strategy — deferring.
2026-07-10 19:35:31,163 INFO META held by another strategy — deferring.
2026-07-10 19:35:31,322 INFO AMZN held by another strategy — deferring.
2026-07-10 19:35:31,466 INFO GOOGL held by another strategy — deferring.
2026-07-10 19:36:31,761 INFO AMD held by another strategy — deferring.
2026-07-10 19:36:32,124 INFO META held by another strategy — deferring.
2026-07-10 19:36:32,339 INFO AMZN held by another strategy — deferring.
2026-07-10 19:36:32,501 INFO GOOGL held by another strategy — deferring.
2026-07-10 19:37:18,622 INFO Trend basket loop started
2026-07-10 19:37:19,215 INFO AMD held by another strategy — deferring.
2026-07-10 19:37:19,920 INFO META held by another strategy — deferring.
2026-07-10 19:37:20,454 INFO AMZN held by another strategy — deferring.
2026-07-10 19:37:20,744 INFO GOOGL held by another strategy — deferring.
2026-07-10 19:38:22,028 INFO AMD held by another strategy — deferring.
2026-07-10 19:38:23,308 INFO META held by another strategy — deferring.
2026-07-10 19:38:23,816 INFO AMZN held by another strategy — deferring.
2026-07-10 19:38:24,356 INFO GOOGL held by another strategy — deferring.
2026-07-10 19:39:24,973 INFO AMD held by another strategy — deferring.
2026-07-10 19:39:25,571 INFO META held by another strategy — deferring.
2026-07-10 19:39:25,857 INFO AMZN held by another strategy — deferring.
2026-07-10 19:39:26,112 INFO GOOGL held by another strategy — deferring.
2026-07-10 19:40:26,754 INFO AMD held by another strategy — deferring.
2026-07-10 19:40:27,867 INFO META held by another strategy — deferring.
2026-07-10 19:40:28,293 INFO AMZN held by another strategy — deferring.
2026-07-10 19:40:28,547 INFO GOOGL held by another strategy — deferring.
2026-07-10 19:41:29,146 INFO AMD held by another strategy — deferring.
2026-07-10 19:41:29,721 INFO META held by another strategy — deferring.
2026-07-10 19:41:30,071 INFO AMZN held by another strategy — deferring.
2026-07-10 19:41:30,336 INFO GOOGL held by another strategy — deferring.
2026-07-10 19:42:32,053 INFO AMD held by another strategy — deferring.
2026-07-10 19:42:33,167 INFO META held by another strategy — deferring.
2026-07-10 19:42:33,463 INFO AMZN held by another strategy — deferring.
2026-07-10 19:42:33,722 INFO GOOGL held by another strategy — deferring.
2026-07-10 19:43:34,352 INFO AMD held by another strategy — deferring.
2026-07-10 19:43:35,022 INFO META held by another strategy — deferring.
2026-07-10 19:43:35,356 INFO AMZN held by another strategy — deferring.
2026-07-10 19:43:35,612 INFO GOOGL held by another strategy — deferring.
2026-07-10 19:44:36,242 INFO AMD held by another strategy — deferring.
2026-07-10 19:44:36,817 INFO META held by another strategy — deferring.
2026-07-10 19:44:37,089 INFO AMZN held by another strategy — deferring.
2026-07-10 19:44:37,338 INFO GOOGL held by another strategy — deferring.
2026-07-10 19:45:37,948 INFO AMD held by another strategy — deferring.
2026-07-10 19:45:38,588 INFO META held by another strategy — deferring.
2026-07-10 19:45:39,096 INFO AMZN held by another strategy — deferring.
2026-07-10 19:45:39,370 INFO GOOGL held by another strategy — deferring.
2026-07-10 19:46:40,004 INFO AMD held by another strategy — deferring.
2026-07-10 19:46:41,190 INFO META held by another strategy — deferring.
2026-07-10 19:46:41,900 INFO AMZN held by another strategy — deferring.
2026-07-10 19:46:42,194 INFO GOOGL held by another strategy — deferring.
2026-07-10 19:47:42,813 INFO AMD held by another strategy — deferring.
2026-07-10 19:47:43,359 INFO META held by another strategy — deferring.
2026-07-10 19:47:43,648 INFO AMZN held by another strategy — deferring.
2026-07-10 19:47:43,930 INFO GOOGL held by another strategy — deferring.
2026-07-10 19:48:44,532 INFO AMD held by another strategy — deferring.
2026-07-10 19:48:45,032 INFO META held by another strategy — deferring.
2026-07-10 19:48:45,342 INFO AMZN held by another strategy — deferring.
2026-07-10 19:48:45,650 INFO GOOGL held by another strategy — deferring.
2026-07-10 19:49:46,305 INFO AMD held by another strategy — deferring.
2026-07-10 19:49:46,810 INFO META held by another strategy — deferring.
2026-07-10 19:49:47,071 INFO AMZN held by another strategy — deferring.
2026-07-10 19:49:47,311 INFO GOOGL held by another strategy — deferring.
2026-07-10 19:50:47,950 INFO AMD held by another strategy — deferring.
2026-07-10 19:50:48,596 INFO META held by another strategy — deferring.
2026-07-10 19:50:48,955 INFO AMZN held by another strategy — deferring.
2026-07-10 19:50:49,219 INFO GOOGL held by another strategy — deferring.
2026-07-10 19:51:49,800 INFO AMD held by another strategy — deferring.
2026-07-10 19:51:50,309 INFO META held by another strategy — deferring.
2026-07-10 19:51:50,560 INFO AMZN held by another strategy — deferring.
2026-07-10 19:51:50,811 INFO GOOGL held by another strategy — deferring.
2026-07-10 19:52:51,422 INFO AMD held by another strategy — deferring.
2026-07-10 19:52:51,978 INFO META held by another strategy — deferring.
2026-07-10 19:52:52,240 INFO AMZN held by another strategy — deferring.
2026-07-10 19:52:52,474 INFO GOOGL held by another strategy — deferring.
2026-07-10 19:53:53,038 INFO AMD held by another strategy — deferring.
2026-07-10 19:53:53,535 INFO META held by another strategy — deferring.
2026-07-10 19:53:53,790 INFO AMZN held by another strategy — deferring.
2026-07-10 19:53:54,058 INFO GOOGL held by another strategy — deferring.
2026-07-10 19:54:54,702 INFO AMD held by another strategy — deferring.
2026-07-10 19:54:55,279 INFO META held by another strategy — deferring.
2026-07-10 19:54:55,579 INFO AMZN held by another strategy — deferring.
2026-07-10 19:54:55,898 INFO GOOGL held by another strategy — deferring.
2026-07-10 19:55:56,491 INFO AMD held by another strategy — deferring.
2026-07-10 19:55:57,079 INFO META held by another strategy — deferring.
2026-07-10 19:55:57,403 INFO AMZN held by another strategy — deferring.
2026-07-10 19:55:57,724 INFO GOOGL held by another strategy — deferring.
2026-07-10 19:56:58,399 INFO AMD held by another strategy — deferring.
2026-07-10 19:56:59,004 INFO META held by another strategy — deferring.
2026-07-10 19:56:59,266 INFO AMZN held by another strategy — deferring.
2026-07-10 19:56:59,520 INFO GOOGL held by another strategy — deferring.
2026-07-10 19:58:00,317 INFO AMD held by another strategy — deferring.
2026-07-10 19:58:00,950 INFO META held by another strategy — deferring.
2026-07-10 19:58:01,254 INFO AMZN held by another strategy — deferring.
2026-07-10 19:58:01,568 INFO GOOGL held by another strategy — deferring.
2026-07-10 19:59:02,964 INFO AMD held by another strategy — deferring.
2026-07-10 19:59:03,992 INFO META held by another strategy — deferring.
2026-07-10 19:59:04,367 INFO AMZN held by another strategy — deferring.
2026-07-10 19:59:05,076 INFO GOOGL held by another strategy — deferring.
2026-07-10 20:00:05,513 INFO Market closed — exiting loop.
2026-07-10 20:00:05,513 INFO Trend basket loop ended
2026-07-13 16:01:47,404 INFO Trend basket loop started
2026-07-13 16:01:50,227 INFO AMD held by another strategy — deferring.
2026-07-13 16:01:52,017 INFO META held by another strategy — deferring.
2026-07-13 16:01:52,707 INFO AMZN held by another strategy — deferring.
2026-07-13 16:01:53,477 INFO GOOGL held by another strategy — deferring.
2026-07-13 16:02:55,178 INFO AMD held by another strategy — deferring.
2026-07-13 16:02:56,627 INFO META held by another strategy — deferring.
2026-07-13 16:02:57,324 INFO AMZN held by another strategy — deferring.
2026-07-13 16:02:58,022 INFO GOOGL held by another strategy — deferring.
2026-07-13 16:03:59,653 INFO AMD held by another strategy — deferring.
2026-07-13 16:04:01,124 INFO META held by another strategy — deferring.
2026-07-13 16:04:01,848 INFO AMZN held by another strategy — deferring.
2026-07-13 16:04:02,564 INFO GOOGL held by another strategy — deferring.
2026-07-13 16:05:04,589 INFO AMD held by another strategy — deferring.
2026-07-13 16:05:06,148 INFO META held by another strategy — deferring.
2026-07-13 16:05:06,873 INFO AMZN held by another strategy — deferring.
2026-07-13 16:05:07,681 INFO GOOGL held by another strategy — deferring.
2026-07-13 16:06:09,352 INFO AMD held by another strategy — deferring.
2026-07-13 16:06:10,939 INFO META held by another strategy — deferring.
2026-07-13 16:06:11,620 INFO AMZN held by another strategy — deferring.
2026-07-13 16:06:12,347 INFO GOOGL held by another strategy — deferring.
2026-07-13 16:07:14,046 INFO AMD held by another strategy — deferring.
2026-07-13 16:07:15,463 INFO META held by another strategy — deferring.
2026-07-13 16:07:16,144 INFO AMZN held by another strategy — deferring.
2026-07-13 16:07:16,889 INFO GOOGL held by another strategy — deferring.
2026-07-13 16:08:18,689 INFO AMD held by another strategy — deferring.
2026-07-13 16:08:20,179 INFO META held by another strategy — deferring.
2026-07-13 16:08:20,879 INFO AMZN held by another strategy — deferring.
2026-07-13 16:08:22,031 INFO GOOGL held by another strategy — deferring.
2026-07-13 16:09:23,683 INFO AMD held by another strategy — deferring.
2026-07-13 16:09:25,170 INFO META held by another strategy — deferring.
2026-07-13 16:09:25,859 INFO AMZN held by another strategy — deferring.
2026-07-13 16:09:27,553 INFO GOOGL held by another strategy — deferring.
2026-07-13 16:10:29,619 INFO AMD held by another strategy — deferring.
2026-07-13 16:10:31,053 INFO META held by another strategy — deferring.
2026-07-13 16:10:31,770 INFO AMZN held by another strategy — deferring.
2026-07-13 16:10:32,447 INFO GOOGL held by another strategy — deferring.
2026-07-13 16:11:34,203 INFO AMD held by another strategy — deferring.
2026-07-13 16:11:35,621 INFO META held by another strategy — deferring.
2026-07-13 16:11:36,302 INFO AMZN held by another strategy — deferring.
2026-07-13 16:11:37,001 INFO GOOGL held by another strategy — deferring.
2026-07-13 16:12:38,854 INFO AMD held by another strategy — deferring.
2026-07-13 16:12:40,277 INFO META held by another strategy — deferring.
2026-07-13 16:12:40,987 INFO AMZN held by another strategy — deferring.
2026-07-13 16:12:41,717 INFO GOOGL held by another strategy — deferring.
2026-07-13 16:13:43,849 INFO AMD held by another strategy — deferring.
2026-07-13 16:13:45,773 INFO META held by another strategy — deferring.
2026-07-13 16:13:46,495 INFO AMZN held by another strategy — deferring.
2026-07-13 16:13:47,269 INFO GOOGL held by another strategy — deferring.
2026-07-13 16:14:48,943 INFO AMD held by another strategy — deferring.
2026-07-13 16:14:50,364 INFO META held by another strategy — deferring.
2026-07-13 16:14:51,055 INFO AMZN held by another strategy — deferring.
2026-07-13 16:14:51,828 INFO GOOGL held by another strategy — deferring.
2026-07-13 16:15:53,755 INFO AMD held by another strategy — deferring.
2026-07-13 16:15:55,206 INFO META held by another strategy — deferring.
2026-07-13 16:15:55,979 INFO AMZN held by another strategy — deferring.
2026-07-13 16:15:56,741 INFO GOOGL held by another strategy — deferring.
2026-07-13 16:16:58,391 INFO AMD held by another strategy — deferring.
2026-07-13 16:16:59,801 INFO META held by another strategy — deferring.
2026-07-13 16:17:00,529 INFO AMZN held by another strategy — deferring.
2026-07-13 16:17:01,257 INFO GOOGL held by another strategy — deferring.
2026-07-13 16:18:02,912 INFO AMD held by another strategy — deferring.
2026-07-13 16:18:04,392 INFO META held by another strategy — deferring.
2026-07-13 16:18:05,149 INFO AMZN held by another strategy — deferring.
2026-07-13 16:18:05,851 INFO GOOGL held by another strategy — deferring.
2026-07-13 16:19:07,491 INFO AMD held by another strategy — deferring.
2026-07-13 16:19:08,912 INFO META held by another strategy — deferring.
2026-07-13 16:19:09,624 INFO AMZN held by another strategy — deferring.
2026-07-13 16:19:10,390 INFO GOOGL held by another strategy — deferring.
2026-07-13 16:20:12,136 INFO AMD held by another strategy — deferring.
2026-07-13 16:20:13,658 INFO META held by another strategy — deferring.
2026-07-13 16:20:14,383 INFO AMZN held by another strategy — deferring.
2026-07-13 16:20:15,186 INFO GOOGL held by another strategy — deferring.
2026-07-13 16:21:18,120 INFO AMD held by another strategy — deferring.
2026-07-13 16:21:19,603 INFO META held by another strategy — deferring.
2026-07-13 16:21:20,303 INFO AMZN held by another strategy — deferring.
2026-07-13 16:21:21,046 INFO GOOGL held by another strategy — deferring.
2026-07-13 16:22:22,646 INFO AMD held by another strategy — deferring.
2026-07-13 16:22:24,097 INFO META held by another strategy — deferring.
2026-07-13 16:22:24,810 INFO AMZN held by another strategy — deferring.
2026-07-13 16:22:25,503 INFO GOOGL held by another strategy — deferring.
2026-07-13 16:23:27,571 INFO AMD held by another strategy — deferring.
2026-07-13 16:23:28,968 INFO META held by another strategy — deferring.
2026-07-13 16:23:29,644 INFO AMZN held by another strategy — deferring.
2026-07-13 16:23:30,338 INFO GOOGL held by another strategy — deferring.
2026-07-13 16:24:32,149 INFO AMD held by another strategy — deferring.
2026-07-13 16:24:33,589 INFO META held by another strategy — deferring.
2026-07-13 16:24:34,309 INFO AMZN held by another strategy — deferring.
2026-07-13 16:24:35,009 INFO GOOGL held by another strategy — deferring.
2026-07-13 16:25:37,744 INFO AMD held by another strategy — deferring.
2026-07-13 16:25:40,012 INFO META held by another strategy — deferring.
2026-07-13 16:25:40,725 INFO AMZN held by another strategy — deferring.
2026-07-13 16:25:42,024 INFO GOOGL held by another strategy — deferring.
2026-07-13 16:26:43,615 INFO AMD held by another strategy — deferring.
2026-07-13 16:26:45,554 INFO META held by another strategy — deferring.
2026-07-13 16:26:46,217 INFO AMZN held by another strategy — deferring.
2026-07-13 16:26:47,193 INFO GOOGL held by another strategy — deferring.
2026-07-13 16:27:48,783 INFO AMD held by another strategy — deferring.
2026-07-13 16:27:50,250 INFO META held by another strategy — deferring.
2026-07-13 16:27:51,432 INFO AMZN held by another strategy — deferring.
2026-07-13 16:27:52,147 INFO GOOGL held by another strategy — deferring.
2026-07-13 16:28:53,770 INFO AMD held by another strategy — deferring.
2026-07-13 16:28:55,191 INFO META held by another strategy — deferring.
2026-07-13 16:28:55,877 INFO AMZN held by another strategy — deferring.
2026-07-13 16:28:56,574 INFO GOOGL held by another strategy — deferring.
2026-07-13 16:29:59,267 INFO AMD held by another strategy — deferring.
2026-07-13 16:30:01,056 INFO META held by another strategy — deferring.
2026-07-13 16:30:01,841 INFO AMZN held by another strategy — deferring.
2026-07-13 16:30:02,578 INFO GOOGL held by another strategy — deferring.
2026-07-13 16:31:04,479 INFO AMD held by another strategy — deferring.
2026-07-13 16:31:05,956 INFO META held by another strategy — deferring.
2026-07-13 16:31:06,723 INFO AMZN held by another strategy — deferring.
2026-07-13 16:31:07,589 INFO GOOGL held by another strategy — deferring.
2026-07-13 16:32:09,354 INFO AMD held by another strategy — deferring.
2026-07-13 16:32:10,979 INFO META held by another strategy — deferring.
2026-07-13 16:32:11,705 INFO AMZN held by another strategy — deferring.
2026-07-13 16:32:12,394 INFO GOOGL held by another strategy — deferring.
2026-07-13 16:33:13,979 INFO AMD held by another strategy — deferring.
2026-07-13 16:33:15,418 INFO META held by another strategy — deferring.
2026-07-13 16:33:16,150 INFO AMZN held by another strategy — deferring.
2026-07-13 16:33:16,842 INFO GOOGL held by another strategy — deferring.
2026-07-13 16:34:18,478 INFO AMD held by another strategy — deferring.
2026-07-13 16:34:19,922 INFO META held by another strategy — deferring.
2026-07-13 16:34:20,633 INFO AMZN held by another strategy — deferring.
2026-07-13 16:34:21,353 INFO GOOGL held by another strategy — deferring.
2026-07-13 16:35:23,478 INFO AMD held by another strategy — deferring.
2026-07-13 16:35:24,959 INFO META held by another strategy — deferring.
2026-07-13 16:35:25,913 INFO AMZN held by another strategy — deferring.
2026-07-13 16:35:26,717 INFO GOOGL held by another strategy — deferring.
2026-07-13 16:36:28,338 INFO AMD held by another strategy — deferring.
2026-07-13 16:36:29,767 INFO META held by another strategy — deferring.
2026-07-13 16:36:30,454 INFO AMZN held by another strategy — deferring.
2026-07-13 16:36:31,151 INFO GOOGL held by another strategy — deferring.
2026-07-13 16:37:32,797 INFO AMD held by another strategy — deferring.
2026-07-13 16:37:34,200 INFO META held by another strategy — deferring.
2026-07-13 16:37:34,905 INFO AMZN held by another strategy — deferring.
2026-07-13 16:37:35,591 INFO GOOGL held by another strategy — deferring.
2026-07-13 16:38:37,694 INFO AMD held by another strategy — deferring.
2026-07-13 16:38:39,665 INFO META held by another strategy — deferring.
2026-07-13 16:38:40,736 INFO AMZN held by another strategy — deferring.
2026-07-13 16:38:41,443 INFO GOOGL held by another strategy — deferring.
2026-07-13 16:39:43,288 INFO AMD held by another strategy — deferring.
2026-07-13 16:39:44,755 INFO META held by another strategy — deferring.
2026-07-13 16:39:45,669 INFO AMZN held by another strategy — deferring.
2026-07-13 16:39:46,432 INFO GOOGL held by another strategy — deferring.
2026-07-13 16:40:48,542 INFO AMD held by another strategy — deferring.
2026-07-13 16:40:49,979 INFO META held by another strategy — deferring.
2026-07-13 16:40:50,678 INFO AMZN held by another strategy — deferring.
2026-07-13 16:40:51,451 INFO GOOGL held by another strategy — deferring.
2026-07-13 16:41:53,044 INFO AMD held by another strategy — deferring.
2026-07-13 16:41:54,457 INFO META held by another strategy — deferring.
2026-07-13 16:41:55,188 INFO AMZN held by another strategy — deferring.
2026-07-13 16:41:55,886 INFO GOOGL held by another strategy — deferring.
2026-07-13 16:42:57,807 INFO AMD held by another strategy — deferring.
2026-07-13 16:42:59,255 INFO META held by another strategy — deferring.
2026-07-13 16:42:59,962 INFO AMZN held by another strategy — deferring.
2026-07-13 16:43:00,664 INFO GOOGL held by another strategy — deferring.
2026-07-13 16:44:02,443 INFO AMD held by another strategy — deferring.
2026-07-13 16:44:03,972 INFO META held by another strategy — deferring.
2026-07-13 16:44:04,678 INFO AMZN held by another strategy — deferring.
2026-07-13 16:44:05,427 INFO GOOGL held by another strategy — deferring.
2026-07-13 16:45:07,139 INFO AMD held by another strategy — deferring.
2026-07-13 16:45:08,911 INFO META held by another strategy — deferring.
2026-07-13 16:45:09,712 INFO AMZN held by another strategy — deferring.
2026-07-13 16:45:10,427 INFO GOOGL held by another strategy — deferring.
2026-07-13 16:46:12,096 INFO AMD held by another strategy — deferring.
2026-07-13 16:46:13,618 INFO META held by another strategy — deferring.
2026-07-13 16:46:14,369 INFO AMZN held by another strategy — deferring.
2026-07-13 16:46:15,079 INFO GOOGL held by another strategy — deferring.
2026-07-13 16:47:16,760 INFO AMD held by another strategy — deferring.
2026-07-13 16:47:18,233 INFO META held by another strategy — deferring.
2026-07-13 16:47:19,038 INFO AMZN held by another strategy — deferring.
2026-07-13 16:47:19,725 INFO GOOGL held by another strategy — deferring.
2026-07-13 16:48:21,372 INFO AMD held by another strategy — deferring.
2026-07-13 16:48:22,760 INFO META held by another strategy — deferring.
2026-07-13 16:48:23,819 INFO AMZN held by another strategy — deferring.
2026-07-13 16:48:24,552 INFO GOOGL held by another strategy — deferring.
2026-07-13 16:49:26,247 INFO AMD held by another strategy — deferring.
2026-07-13 16:49:27,696 INFO META held by another strategy — deferring.
2026-07-13 16:49:28,425 INFO AMZN held by another strategy — deferring.
2026-07-13 16:49:29,119 INFO GOOGL held by another strategy — deferring.
2026-07-13 16:50:30,744 INFO AMD held by another strategy — deferring.
2026-07-13 16:50:32,233 INFO META held by another strategy — deferring.
2026-07-13 16:50:33,045 INFO AMZN held by another strategy — deferring.
2026-07-13 16:50:33,764 INFO GOOGL held by another strategy — deferring.
2026-07-13 16:51:35,363 INFO AMD held by another strategy — deferring.
2026-07-13 16:51:36,785 INFO META held by another strategy — deferring.
2026-07-13 16:51:37,495 INFO AMZN held by another strategy — deferring.
2026-07-13 16:51:38,215 INFO GOOGL held by another strategy — deferring.
2026-07-13 16:52:39,875 INFO AMD held by another strategy — deferring.
2026-07-13 16:52:41,311 INFO META held by another strategy — deferring.
2026-07-13 16:52:42,029 INFO AMZN held by another strategy — deferring.
2026-07-13 16:52:42,733 INFO GOOGL held by another strategy — deferring.
2026-07-13 16:53:44,378 INFO AMD held by another strategy — deferring.
2026-07-13 16:53:46,142 INFO META held by another strategy — deferring.
2026-07-13 16:53:46,853 INFO AMZN held by another strategy — deferring.
2026-07-13 16:53:47,528 INFO GOOGL held by another strategy — deferring.
2026-07-13 16:54:49,143 INFO AMD held by another strategy — deferring.
2026-07-13 16:54:50,567 INFO META held by another strategy — deferring.
2026-07-13 16:54:51,243 INFO AMZN held by another strategy — deferring.
2026-07-13 16:54:51,944 INFO GOOGL held by another strategy — deferring.
2026-07-13 16:55:53,585 INFO AMD held by another strategy — deferring.
2026-07-13 16:55:55,124 INFO META held by another strategy — deferring.
2026-07-13 16:55:55,814 INFO AMZN held by another strategy — deferring.
2026-07-13 16:55:56,542 INFO GOOGL held by another strategy — deferring.
2026-07-13 16:56:58,168 INFO AMD held by another strategy — deferring.
2026-07-13 16:56:59,641 INFO META held by another strategy — deferring.
2026-07-13 16:57:00,385 INFO AMZN held by another strategy — deferring.
2026-07-13 16:57:01,192 INFO GOOGL held by another strategy — deferring.
2026-07-13 16:58:02,894 INFO AMD held by another strategy — deferring.
2026-07-13 16:58:04,292 INFO META held by another strategy — deferring.
2026-07-13 16:58:04,983 INFO AMZN held by another strategy — deferring.
2026-07-13 16:58:05,716 INFO GOOGL held by another strategy — deferring.
2026-07-13 16:59:07,353 INFO AMD held by another strategy — deferring.
2026-07-13 16:59:08,754 INFO META held by another strategy — deferring.
2026-07-13 16:59:09,474 INFO AMZN held by another strategy — deferring.
2026-07-13 16:59:10,247 INFO GOOGL held by another strategy — deferring.
2026-07-13 17:00:12,099 INFO AMD held by another strategy — deferring.
2026-07-13 17:00:14,022 INFO META held by another strategy — deferring.
2026-07-13 17:00:14,820 INFO AMZN held by another strategy — deferring.
2026-07-13 17:00:15,710 INFO GOOGL held by another strategy — deferring.
2026-07-13 17:01:17,370 INFO AMD held by another strategy — deferring.
2026-07-13 17:01:19,043 INFO META held by another strategy — deferring.
2026-07-13 17:01:19,744 INFO AMZN held by another strategy — deferring.
2026-07-13 17:01:20,530 INFO GOOGL held by another strategy — deferring.
2026-07-13 17:02:22,260 INFO AMD held by another strategy — deferring.
2026-07-13 17:02:24,007 INFO META held by another strategy — deferring.
2026-07-13 17:02:24,741 INFO AMZN held by another strategy — deferring.
2026-07-13 17:02:25,472 INFO GOOGL held by another strategy — deferring.
2026-07-13 17:03:27,086 INFO AMD held by another strategy — deferring.
2026-07-13 17:03:28,756 INFO META held by another strategy — deferring.
2026-07-13 17:03:29,437 INFO AMZN held by another strategy — deferring.
2026-07-13 17:03:30,196 INFO GOOGL held by another strategy — deferring.
2026-07-13 17:04:31,859 INFO AMD held by another strategy — deferring.
2026-07-13 17:04:33,626 INFO META held by another strategy — deferring.
2026-07-13 17:04:34,312 INFO AMZN held by another strategy — deferring.
2026-07-13 17:04:35,087 INFO GOOGL held by another strategy — deferring.
2026-07-13 17:05:37,012 INFO AMD held by another strategy — deferring.
2026-07-13 17:05:38,519 INFO META held by another strategy — deferring.
2026-07-13 17:05:39,226 INFO AMZN held by another strategy — deferring.
2026-07-13 17:05:40,341 INFO GOOGL held by another strategy — deferring.
2026-07-13 17:06:42,346 INFO AMD held by another strategy — deferring.
2026-07-13 17:06:43,828 INFO META held by another strategy — deferring.
2026-07-13 17:06:44,543 INFO AMZN held by another strategy — deferring.
2026-07-13 17:06:45,222 INFO GOOGL held by another strategy — deferring.
2026-07-13 17:07:46,968 INFO AMD held by another strategy — deferring.
2026-07-13 17:07:48,497 INFO META held by another strategy — deferring.
2026-07-13 17:07:49,260 INFO AMZN held by another strategy — deferring.
2026-07-13 17:07:49,967 INFO GOOGL held by another strategy — deferring.
2026-07-13 17:08:52,706 INFO AMD held by another strategy — deferring.
2026-07-13 17:08:54,145 INFO META held by another strategy — deferring.
2026-07-13 17:08:54,826 INFO AMZN held by another strategy — deferring.
2026-07-13 17:08:55,493 INFO GOOGL held by another strategy — deferring.
2026-07-13 17:09:57,131 INFO AMD held by another strategy — deferring.
2026-07-13 17:09:58,584 INFO META held by another strategy — deferring.
2026-07-13 17:09:59,283 INFO AMZN held by another strategy — deferring.
2026-07-13 17:09:59,991 INFO GOOGL held by another strategy — deferring.
2026-07-13 17:11:01,705 INFO AMD held by another strategy — deferring.
2026-07-13 17:11:03,286 INFO META held by another strategy — deferring.
2026-07-13 17:11:04,013 INFO AMZN held by another strategy — deferring.
2026-07-13 17:11:04,709 INFO GOOGL held by another strategy — deferring.
2026-07-13 17:12:06,384 INFO AMD held by another strategy — deferring.
2026-07-13 17:12:08,041 INFO META held by another strategy — deferring.
2026-07-13 17:12:08,720 INFO AMZN held by another strategy — deferring.
2026-07-13 17:12:09,399 INFO GOOGL held by another strategy — deferring.
2026-07-13 17:13:10,998 INFO AMD held by another strategy — deferring.
2026-07-13 17:13:12,474 INFO META held by another strategy — deferring.
2026-07-13 17:13:13,160 INFO AMZN held by another strategy — deferring.
2026-07-13 17:13:13,864 INFO GOOGL held by another strategy — deferring.
2026-07-13 17:14:15,501 INFO AMD held by another strategy — deferring.
2026-07-13 17:14:16,950 INFO META held by another strategy — deferring.
2026-07-13 17:14:17,642 INFO AMZN held by another strategy — deferring.
2026-07-13 17:14:18,340 INFO GOOGL held by another strategy — deferring.
2026-07-13 17:15:19,966 INFO AMD held by another strategy — deferring.
2026-07-13 17:15:21,388 INFO META held by another strategy — deferring.
2026-07-13 17:15:22,068 INFO AMZN held by another strategy — deferring.
2026-07-13 17:15:22,776 INFO GOOGL held by another strategy — deferring.
2026-07-13 17:16:24,453 INFO AMD held by another strategy — deferring.
2026-07-13 17:16:25,864 INFO META held by another strategy — deferring.
2026-07-13 17:16:26,537 INFO AMZN held by another strategy — deferring.
2026-07-13 17:16:27,266 INFO GOOGL held by another strategy — deferring.
2026-07-13 17:17:29,542 INFO AMD held by another strategy — deferring.
2026-07-13 17:17:31,870 INFO META held by another strategy — deferring.
2026-07-13 17:17:32,582 INFO AMZN held by another strategy — deferring.
2026-07-13 17:17:33,336 INFO GOOGL held by another strategy — deferring.
2026-07-13 17:18:34,984 INFO AMD held by another strategy — deferring.
2026-07-13 17:18:36,443 INFO META held by another strategy — deferring.
2026-07-13 17:18:37,142 INFO AMZN held by another strategy — deferring.
2026-07-13 17:18:37,850 INFO GOOGL held by another strategy — deferring.
2026-07-13 17:19:39,567 INFO AMD held by another strategy — deferring.
2026-07-13 17:19:41,438 INFO META held by another strategy — deferring.
2026-07-13 17:19:42,194 INFO AMZN held by another strategy — deferring.
2026-07-13 17:19:42,936 INFO GOOGL held by another strategy — deferring.
2026-07-13 17:20:44,600 INFO AMD held by another strategy — deferring.
2026-07-13 17:20:46,109 INFO META held by another strategy — deferring.
2026-07-13 17:20:46,838 INFO AMZN held by another strategy — deferring.
2026-07-13 17:20:47,515 INFO GOOGL held by another strategy — deferring.
2026-07-13 17:21:49,193 INFO AMD held by another strategy — deferring.
2026-07-13 17:21:50,625 INFO META held by another strategy — deferring.
2026-07-13 17:21:51,352 INFO AMZN held by another strategy — deferring.
2026-07-13 17:21:52,048 INFO GOOGL held by another strategy — deferring.
2026-07-13 17:22:53,640 INFO AMD held by another strategy — deferring.
2026-07-13 17:22:55,063 INFO META held by another strategy — deferring.
2026-07-13 17:22:55,754 INFO AMZN held by another strategy — deferring.
2026-07-13 17:22:56,741 INFO GOOGL held by another strategy — deferring.
2026-07-13 17:23:58,424 INFO AMD held by another strategy — deferring.
2026-07-13 17:23:59,816 INFO META held by another strategy — deferring.
2026-07-13 17:24:00,514 INFO AMZN held by another strategy — deferring.
2026-07-13 17:24:01,209 INFO GOOGL held by another strategy — deferring.
2026-07-13 17:25:02,871 INFO AMD held by another strategy — deferring.
2026-07-13 17:25:04,348 INFO META held by another strategy — deferring.
2026-07-13 17:25:05,077 INFO AMZN held by another strategy — deferring.
2026-07-13 17:25:05,879 INFO GOOGL held by another strategy — deferring.
2026-07-13 17:26:08,109 INFO AMD held by another strategy — deferring.
2026-07-13 17:26:09,601 INFO META held by another strategy — deferring.
2026-07-13 17:26:10,348 INFO AMZN held by another strategy — deferring.
2026-07-13 17:26:11,067 INFO GOOGL held by another strategy — deferring.
2026-07-13 17:27:13,270 INFO AMD held by another strategy — deferring.
2026-07-13 17:27:14,691 INFO META held by another strategy — deferring.
2026-07-13 17:27:15,933 INFO AMZN held by another strategy — deferring.
2026-07-13 17:27:16,644 INFO GOOGL held by another strategy — deferring.
2026-07-13 17:28:18,759 INFO AMD held by another strategy — deferring.
2026-07-13 17:28:20,577 INFO META held by another strategy — deferring.
2026-07-13 17:28:21,385 INFO AMZN held by another strategy — deferring.
2026-07-13 17:28:22,118 INFO GOOGL held by another strategy — deferring.
2026-07-13 17:29:23,745 INFO AMD held by another strategy — deferring.
2026-07-13 17:29:25,185 INFO META held by another strategy — deferring.
2026-07-13 17:29:25,926 INFO AMZN held by another strategy — deferring.
2026-07-13 17:29:26,647 INFO GOOGL held by another strategy — deferring.
2026-07-13 17:30:28,918 INFO AMD held by another strategy — deferring.
2026-07-13 17:30:30,681 INFO META held by another strategy — deferring.
2026-07-13 17:30:31,494 INFO AMZN held by another strategy — deferring.
2026-07-13 17:30:32,238 INFO GOOGL held by another strategy — deferring.
2026-07-13 17:31:33,953 INFO AMD held by another strategy — deferring.
2026-07-13 17:31:35,508 INFO META held by another strategy — deferring.
2026-07-13 17:31:36,296 INFO AMZN held by another strategy — deferring.
2026-07-13 17:31:36,980 INFO GOOGL held by another strategy — deferring.
2026-07-13 17:32:38,685 INFO AMD held by another strategy — deferring.
2026-07-13 17:32:40,163 INFO META held by another strategy — deferring.
2026-07-13 17:32:40,932 INFO AMZN held by another strategy — deferring.
2026-07-13 17:32:41,761 INFO GOOGL held by another strategy — deferring.
2026-07-13 17:33:43,422 INFO AMD held by another strategy — deferring.
2026-07-13 17:33:44,830 INFO META held by another strategy — deferring.
2026-07-13 17:33:45,557 INFO AMZN held by another strategy — deferring.
2026-07-13 17:33:46,291 INFO GOOGL held by another strategy — deferring.
2026-07-13 17:34:47,908 INFO AMD held by another strategy — deferring.
2026-07-13 17:34:49,411 INFO META held by another strategy — deferring.
2026-07-13 17:34:50,091 INFO AMZN held by another strategy — deferring.
2026-07-13 17:34:50,805 INFO GOOGL held by another strategy — deferring.
2026-07-13 17:35:52,407 INFO AMD held by another strategy — deferring.
2026-07-13 17:35:53,848 INFO META held by another strategy — deferring.
2026-07-13 17:35:54,519 INFO AMZN held by another strategy — deferring.
2026-07-13 17:35:55,223 INFO GOOGL held by another strategy — deferring.
2026-07-13 17:36:56,838 INFO AMD held by another strategy — deferring.
2026-07-13 17:36:58,300 INFO META held by another strategy — deferring.
2026-07-13 17:36:58,987 INFO AMZN held by another strategy — deferring.
2026-07-13 17:36:59,755 INFO GOOGL held by another strategy — deferring.
2026-07-13 17:38:01,389 INFO AMD held by another strategy — deferring.
2026-07-13 17:38:02,864 INFO META held by another strategy — deferring.
2026-07-13 17:38:03,562 INFO AMZN held by another strategy — deferring.
2026-07-13 17:38:04,282 INFO GOOGL held by another strategy — deferring.
2026-07-13 17:39:05,918 INFO AMD held by another strategy — deferring.
2026-07-13 17:39:07,626 INFO META held by another strategy — deferring.
2026-07-13 17:39:08,329 INFO AMZN held by another strategy — deferring.
2026-07-13 17:39:09,289 INFO GOOGL held by another strategy — deferring.
2026-07-13 17:40:11,340 INFO AMD held by another strategy — deferring.
2026-07-13 17:40:12,932 INFO META held by another strategy — deferring.
2026-07-13 17:40:13,742 INFO AMZN held by another strategy — deferring.
2026-07-13 17:40:14,463 INFO GOOGL held by another strategy — deferring.
2026-07-13 17:41:16,831 INFO AMD held by another strategy — deferring.
2026-07-13 17:41:18,261 INFO META held by another strategy — deferring.
2026-07-13 17:41:19,287 INFO AMZN held by another strategy — deferring.
2026-07-13 17:41:19,981 INFO GOOGL held by another strategy — deferring.
2026-07-13 17:42:22,110 INFO AMD held by another strategy — deferring.
2026-07-13 17:42:23,553 INFO META held by another strategy — deferring.
2026-07-13 17:42:24,254 INFO AMZN held by another strategy — deferring.
2026-07-13 17:42:24,947 INFO GOOGL held by another strategy — deferring.
2026-07-13 17:43:26,542 INFO AMD held by another strategy — deferring.
2026-07-13 17:43:28,065 INFO META held by another strategy — deferring.
2026-07-13 17:43:28,754 INFO AMZN held by another strategy — deferring.
2026-07-13 17:43:29,470 INFO GOOGL held by another strategy — deferring.
2026-07-13 17:44:31,080 INFO AMD held by another strategy — deferring.
2026-07-13 17:44:32,793 INFO META held by another strategy — deferring.
2026-07-13 17:44:33,475 INFO AMZN held by another strategy — deferring.
2026-07-13 17:44:34,154 INFO GOOGL held by another strategy — deferring.
2026-07-13 17:45:35,861 INFO AMD held by another strategy — deferring.
2026-07-13 17:45:37,320 INFO META held by another strategy — deferring.
2026-07-13 17:45:38,400 INFO AMZN held by another strategy — deferring.
2026-07-13 17:45:39,178 INFO GOOGL held by another strategy — deferring.
2026-07-13 17:46:40,858 INFO AMD held by another strategy — deferring.
2026-07-13 17:46:42,398 INFO META held by another strategy — deferring.
2026-07-13 17:46:43,150 INFO AMZN held by another strategy — deferring.
2026-07-13 17:46:43,851 INFO GOOGL held by another strategy — deferring.
2026-07-13 17:47:45,896 INFO AMD held by another strategy — deferring.
2026-07-13 17:47:47,608 INFO META held by another strategy — deferring.
2026-07-13 17:47:48,394 INFO AMZN held by another strategy — deferring.
2026-07-13 17:47:49,313 INFO GOOGL held by another strategy — deferring.
2026-07-13 17:48:51,556 INFO AMD held by another strategy — deferring.
2026-07-13 17:48:53,042 INFO META held by another strategy — deferring.
2026-07-13 17:48:53,768 INFO AMZN held by another strategy — deferring.
2026-07-13 17:48:54,449 INFO GOOGL held by another strategy — deferring.
2026-07-13 17:49:56,416 INFO AMD held by another strategy — deferring.
2026-07-13 17:49:58,197 INFO META held by another strategy — deferring.
2026-07-13 17:49:58,890 INFO AMZN held by another strategy — deferring.
2026-07-13 17:49:59,630 INFO GOOGL held by another strategy — deferring.
2026-07-13 17:51:01,293 INFO AMD held by another strategy — deferring.
2026-07-13 17:51:02,740 INFO META held by another strategy — deferring.
2026-07-13 17:51:03,448 INFO AMZN held by another strategy — deferring.
2026-07-13 17:51:04,146 INFO GOOGL held by another strategy — deferring.
2026-07-13 17:52:05,772 INFO AMD held by another strategy — deferring.
2026-07-13 17:52:07,217 INFO META held by another strategy — deferring.
2026-07-13 17:52:07,899 INFO AMZN held by another strategy — deferring.
2026-07-13 17:52:08,760 INFO GOOGL held by another strategy — deferring.
2026-07-13 17:53:10,558 INFO AMD held by another strategy — deferring.
2026-07-13 17:53:12,150 INFO META held by another strategy — deferring.
2026-07-13 17:53:13,105 INFO AMZN held by another strategy — deferring.
2026-07-13 17:53:13,979 INFO GOOGL held by another strategy — deferring.
2026-07-13 17:54:15,694 INFO AMD held by another strategy — deferring.
2026-07-13 17:54:17,134 INFO META held by another strategy — deferring.
2026-07-13 17:54:17,802 INFO AMZN held by another strategy — deferring.
2026-07-13 17:54:18,482 INFO GOOGL held by another strategy — deferring.
2026-07-13 17:55:20,115 INFO AMD held by another strategy — deferring.
2026-07-13 17:55:21,634 INFO META held by another strategy — deferring.
2026-07-13 17:55:22,362 INFO AMZN held by another strategy — deferring.
2026-07-13 17:55:23,059 INFO GOOGL held by another strategy — deferring.
2026-07-13 17:56:25,141 INFO AMD held by another strategy — deferring.
2026-07-13 17:56:27,130 INFO META held by another strategy — deferring.
2026-07-13 17:56:27,821 INFO AMZN held by another strategy — deferring.
2026-07-13 17:56:28,496 INFO GOOGL held by another strategy — deferring.
2026-07-13 17:57:30,413 INFO AMD held by another strategy — deferring.
2026-07-13 17:57:31,871 INFO META held by another strategy — deferring.
2026-07-13 17:57:32,574 INFO AMZN held by another strategy — deferring.
2026-07-13 17:57:33,347 INFO GOOGL held by another strategy — deferring.
2026-07-13 17:58:35,043 INFO AMD held by another strategy — deferring.
2026-07-13 17:58:36,471 INFO META held by another strategy — deferring.
2026-07-13 17:58:37,291 INFO AMZN held by another strategy — deferring.
2026-07-13 17:58:37,965 INFO GOOGL held by another strategy — deferring.
2026-07-13 17:59:39,569 INFO AMD held by another strategy — deferring.
2026-07-13 17:59:40,979 INFO META held by another strategy — deferring.
2026-07-13 17:59:41,756 INFO AMZN held by another strategy — deferring.
2026-07-13 17:59:42,439 INFO GOOGL held by another strategy — deferring.
2026-07-13 18:00:44,466 INFO AMD held by another strategy — deferring.
2026-07-13 18:00:46,303 INFO META held by another strategy — deferring.
2026-07-13 18:00:47,021 INFO AMZN held by another strategy — deferring.
2026-07-13 18:00:47,713 INFO GOOGL held by another strategy — deferring.
2026-07-13 18:01:49,386 INFO AMD held by another strategy — deferring.
2026-07-13 18:01:51,042 INFO META held by another strategy — deferring.
2026-07-13 18:01:51,795 INFO AMZN held by another strategy — deferring.
2026-07-13 18:01:52,508 INFO GOOGL held by another strategy — deferring.
2026-07-13 18:02:54,146 INFO AMD held by another strategy — deferring.
2026-07-13 18:02:55,670 INFO META held by another strategy — deferring.
2026-07-13 18:02:56,373 INFO AMZN held by another strategy — deferring.
2026-07-13 18:02:57,073 INFO GOOGL held by another strategy — deferring.
2026-07-13 18:03:58,710 INFO AMD held by another strategy — deferring.
2026-07-13 18:04:00,216 INFO META held by another strategy — deferring.
2026-07-13 18:04:00,991 INFO AMZN held by another strategy — deferring.
2026-07-13 18:04:01,703 INFO GOOGL held by another strategy — deferring.
2026-07-13 18:05:04,198 INFO AMD held by another strategy — deferring.
2026-07-13 18:05:05,800 INFO META held by another strategy — deferring.
2026-07-13 18:05:06,582 INFO AMZN held by another strategy — deferring.
2026-07-13 18:05:07,329 INFO GOOGL held by another strategy — deferring.
2026-07-13 18:06:09,015 INFO AMD held by another strategy — deferring.
2026-07-13 18:06:10,491 INFO META held by another strategy — deferring.
2026-07-13 18:06:11,210 INFO AMZN held by another strategy — deferring.
2026-07-13 18:06:11,959 INFO GOOGL held by another strategy — deferring.
2026-07-13 18:07:13,524 INFO AMD held by another strategy — deferring.
2026-07-13 18:07:14,967 INFO META held by another strategy — deferring.
2026-07-13 18:07:15,987 INFO AMZN held by another strategy — deferring.
2026-07-13 18:07:16,741 INFO GOOGL held by another strategy — deferring.
2026-07-13 18:08:18,416 INFO AMD held by another strategy — deferring.
2026-07-13 18:08:19,795 INFO META held by another strategy — deferring.
2026-07-13 18:08:20,486 INFO AMZN held by another strategy — deferring.
2026-07-13 18:08:21,196 INFO GOOGL held by another strategy — deferring.
2026-07-13 18:09:23,432 INFO AMD held by another strategy — deferring.
2026-07-13 18:09:25,235 INFO META held by another strategy — deferring.
2026-07-13 18:09:26,497 INFO AMZN held by another strategy — deferring.
2026-07-13 18:09:27,284 INFO GOOGL held by another strategy — deferring.
2026-07-13 18:10:28,934 INFO AMD held by another strategy — deferring.
2026-07-13 18:10:30,316 INFO META held by another strategy — deferring.
2026-07-13 18:10:31,060 INFO AMZN held by another strategy — deferring.
2026-07-13 18:10:31,754 INFO GOOGL held by another strategy — deferring.
2026-07-13 18:11:33,355 INFO AMD held by another strategy — deferring.
2026-07-13 18:11:34,736 INFO META held by another strategy — deferring.
2026-07-13 18:11:35,439 INFO AMZN held by another strategy — deferring.
2026-07-13 18:11:36,142 INFO GOOGL held by another strategy — deferring.
2026-07-13 18:12:37,724 INFO AMD held by another strategy — deferring.
2026-07-13 18:12:39,126 INFO META held by another strategy — deferring.
2026-07-13 18:12:39,814 INFO AMZN held by another strategy — deferring.
2026-07-13 18:12:40,511 INFO GOOGL held by another strategy — deferring.
2026-07-13 18:13:43,534 INFO AMD held by another strategy — deferring.
2026-07-13 18:13:45,235 INFO META held by another strategy — deferring.
2026-07-13 18:13:46,382 INFO AMZN held by another strategy — deferring.
2026-07-13 18:13:47,080 INFO GOOGL held by another strategy — deferring.
2026-07-13 18:14:49,761 INFO AMD held by another strategy — deferring.
2026-07-13 18:14:51,726 INFO META held by another strategy — deferring.
2026-07-13 18:14:52,434 INFO AMZN held by another strategy — deferring.
2026-07-13 18:14:53,139 INFO GOOGL held by another strategy — deferring.
2026-07-13 18:15:54,736 INFO AMD held by another strategy — deferring.
2026-07-13 18:15:56,079 INFO META held by another strategy — deferring.
2026-07-13 18:15:56,766 INFO AMZN held by another strategy — deferring.
2026-07-13 18:15:57,462 INFO GOOGL held by another strategy — deferring.
2026-07-13 18:16:59,044 INFO AMD held by another strategy — deferring.
2026-07-13 18:17:00,468 INFO META held by another strategy — deferring.
2026-07-13 18:17:01,190 INFO AMZN held by another strategy — deferring.
2026-07-13 18:17:01,917 INFO GOOGL held by another strategy — deferring.
2026-07-13 18:18:03,617 INFO AMD held by another strategy — deferring.
2026-07-13 18:18:05,086 INFO META held by another strategy — deferring.
2026-07-13 18:18:06,076 INFO AMZN held by another strategy — deferring.
2026-07-13 18:18:06,823 INFO GOOGL held by another strategy — deferring.
2026-07-13 18:19:08,468 INFO AMD held by another strategy — deferring.
2026-07-13 18:19:09,960 INFO META held by another strategy — deferring.
2026-07-13 18:19:10,652 INFO AMZN held by another strategy — deferring.
2026-07-13 18:19:11,318 INFO GOOGL held by another strategy — deferring.
2026-07-13 18:20:12,947 INFO AMD held by another strategy — deferring.
2026-07-13 18:20:14,700 INFO META held by another strategy — deferring.
2026-07-13 18:20:15,461 INFO AMZN held by another strategy — deferring.
2026-07-13 18:20:16,224 INFO GOOGL held by another strategy — deferring.
2026-07-13 18:21:18,123 INFO AMD held by another strategy — deferring.
2026-07-13 18:21:19,928 INFO META held by another strategy — deferring.
2026-07-13 18:21:20,617 INFO AMZN held by another strategy — deferring.
2026-07-13 18:21:21,347 INFO GOOGL held by another strategy — deferring.
2026-07-13 18:22:23,618 INFO AMD held by another strategy — deferring.
2026-07-13 18:22:26,076 INFO META held by another strategy — deferring.
2026-07-13 18:22:26,764 INFO AMZN held by another strategy — deferring.
2026-07-13 18:22:27,449 INFO GOOGL held by another strategy — deferring.
2026-07-13 18:23:29,052 INFO AMD held by another strategy — deferring.
2026-07-13 18:23:31,134 INFO META held by another strategy — deferring.
2026-07-13 18:23:31,825 INFO AMZN held by another strategy — deferring.
2026-07-13 18:23:32,679 INFO GOOGL held by another strategy — deferring.
2026-07-13 18:24:34,297 INFO AMD held by another strategy — deferring.
2026-07-13 18:24:36,049 INFO META held by another strategy — deferring.
2026-07-13 18:24:36,730 INFO AMZN held by another strategy — deferring.
2026-07-13 18:24:37,427 INFO GOOGL held by another strategy — deferring.
2026-07-13 18:25:39,078 INFO AMD held by another strategy — deferring.
2026-07-13 18:25:40,707 INFO META held by another strategy — deferring.
2026-07-13 18:25:41,412 INFO AMZN held by another strategy — deferring.
2026-07-13 18:25:42,096 INFO GOOGL held by another strategy — deferring.
2026-07-13 18:26:44,084 INFO AMD held by another strategy — deferring.
2026-07-13 18:26:45,553 INFO META held by another strategy — deferring.
2026-07-13 18:26:46,265 INFO AMZN held by another strategy — deferring.
2026-07-13 18:26:46,940 INFO GOOGL held by another strategy — deferring.
2026-07-13 18:27:48,564 INFO AMD held by another strategy — deferring.
2026-07-13 18:27:50,002 INFO META held by another strategy — deferring.
2026-07-13 18:27:50,679 INFO AMZN held by another strategy — deferring.
2026-07-13 18:27:51,614 INFO GOOGL held by another strategy — deferring.
2026-07-13 18:28:53,519 INFO AMD held by another strategy — deferring.
2026-07-13 18:28:54,944 INFO META held by another strategy — deferring.
2026-07-13 18:28:55,636 INFO AMZN held by another strategy — deferring.
2026-07-13 18:28:56,364 INFO GOOGL held by another strategy — deferring.
2026-07-13 18:29:57,975 INFO AMD held by another strategy — deferring.
2026-07-13 18:29:59,392 INFO META held by another strategy — deferring.
2026-07-13 18:30:00,064 INFO AMZN held by another strategy — deferring.
2026-07-13 18:30:00,780 INFO GOOGL held by another strategy — deferring.
2026-07-13 18:31:03,855 INFO AMD held by another strategy — deferring.
2026-07-13 18:31:05,316 INFO META held by another strategy — deferring.
2026-07-13 18:31:06,321 INFO AMZN held by another strategy — deferring.
2026-07-13 18:31:07,044 INFO GOOGL held by another strategy — deferring.
2026-07-13 18:32:09,215 INFO AMD held by another strategy — deferring.
2026-07-13 18:32:10,856 INFO META held by another strategy — deferring.
2026-07-13 18:32:11,576 INFO AMZN held by another strategy — deferring.
2026-07-13 18:32:13,315 INFO GOOGL held by another strategy — deferring.
2026-07-13 18:33:15,000 INFO AMD held by another strategy — deferring.
2026-07-13 18:33:16,465 INFO META held by another strategy — deferring.
2026-07-13 18:33:17,485 INFO AMZN held by another strategy — deferring.
2026-07-13 18:33:18,517 INFO GOOGL held by another strategy — deferring.
2026-07-13 18:34:20,283 INFO AMD held by another strategy — deferring.
2026-07-13 18:34:21,806 INFO META held by another strategy — deferring.
2026-07-13 18:34:22,574 INFO AMZN held by another strategy — deferring.
2026-07-13 18:34:23,383 INFO GOOGL held by another strategy — deferring.
2026-07-13 18:35:26,353 INFO AMD held by another strategy — deferring.
2026-07-13 18:35:27,906 INFO META held by another strategy — deferring.
2026-07-13 18:35:28,601 INFO AMZN held by another strategy — deferring.
2026-07-13 18:35:29,507 INFO GOOGL held by another strategy — deferring.
2026-07-13 18:36:31,336 INFO AMD held by another strategy — deferring.
2026-07-13 18:36:32,773 INFO META held by another strategy — deferring.
2026-07-13 18:36:33,475 INFO AMZN held by another strategy — deferring.
2026-07-13 18:36:34,193 INFO GOOGL held by another strategy — deferring.
2026-07-13 18:37:36,313 INFO AMD held by another strategy — deferring.
2026-07-13 18:37:37,717 INFO META held by another strategy — deferring.
2026-07-13 18:37:38,460 INFO AMZN held by another strategy — deferring.
2026-07-13 18:37:39,153 INFO GOOGL held by another strategy — deferring.
2026-07-13 18:38:40,888 INFO AMD held by another strategy — deferring.
2026-07-13 18:38:42,261 INFO META held by another strategy — deferring.
2026-07-13 18:38:42,949 INFO AMZN held by another strategy — deferring.
2026-07-13 18:38:43,650 INFO GOOGL held by another strategy — deferring.
2026-07-13 18:39:45,288 INFO AMD held by another strategy — deferring.
2026-07-13 18:39:46,810 INFO META held by another strategy — deferring.
2026-07-13 18:39:47,484 INFO AMZN held by another strategy — deferring.
2026-07-13 18:39:48,467 INFO GOOGL held by another strategy — deferring.
2026-07-13 18:40:50,177 INFO AMD held by another strategy — deferring.
2026-07-13 18:40:52,006 INFO META held by another strategy — deferring.
2026-07-13 18:40:52,685 INFO AMZN held by another strategy — deferring.
2026-07-13 18:40:53,388 INFO GOOGL held by another strategy — deferring.
2026-07-13 18:41:55,005 INFO AMD held by another strategy — deferring.
2026-07-13 18:41:56,438 INFO META held by another strategy — deferring.
2026-07-13 18:41:57,114 INFO AMZN held by another strategy — deferring.
2026-07-13 18:41:57,791 INFO GOOGL held by another strategy — deferring.
2026-07-13 18:42:59,382 INFO AMD held by another strategy — deferring.
2026-07-13 18:43:00,862 INFO META held by another strategy — deferring.
2026-07-13 18:43:01,560 INFO AMZN held by another strategy — deferring.
2026-07-13 18:43:02,254 INFO GOOGL held by another strategy — deferring.
2026-07-13 18:44:05,226 INFO AMD held by another strategy — deferring.
2026-07-13 18:44:06,658 INFO META held by another strategy — deferring.
2026-07-13 18:44:07,377 INFO AMZN held by another strategy — deferring.
2026-07-13 18:44:08,064 INFO GOOGL held by another strategy — deferring.
2026-07-13 18:45:10,869 INFO AMD held by another strategy — deferring.
2026-07-13 18:45:12,346 INFO META held by another strategy — deferring.
2026-07-13 18:45:13,110 INFO AMZN held by another strategy — deferring.
2026-07-13 18:45:13,897 INFO GOOGL held by another strategy — deferring.
2026-07-13 18:46:15,694 INFO AMD held by another strategy — deferring.
2026-07-13 18:46:17,415 INFO META held by another strategy — deferring.
2026-07-13 18:46:18,134 INFO AMZN held by another strategy — deferring.
2026-07-13 18:46:18,892 INFO GOOGL held by another strategy — deferring.
2026-07-13 18:47:20,518 INFO AMD held by another strategy — deferring.
2026-07-13 18:47:22,037 INFO META held by another strategy — deferring.
2026-07-13 18:47:22,770 INFO AMZN held by another strategy — deferring.
2026-07-13 18:47:23,456 INFO GOOGL held by another strategy — deferring.
2026-07-13 18:48:25,079 INFO AMD held by another strategy — deferring.
2026-07-13 18:48:26,524 INFO META held by another strategy — deferring.
2026-07-13 18:48:27,218 INFO AMZN held by another strategy — deferring.
2026-07-13 18:48:27,928 INFO GOOGL held by another strategy — deferring.
2026-07-13 18:49:29,587 INFO AMD held by another strategy — deferring.
2026-07-13 18:49:30,960 INFO META held by another strategy — deferring.
2026-07-13 18:49:31,732 INFO AMZN held by another strategy — deferring.
2026-07-13 18:49:32,491 INFO GOOGL held by another strategy — deferring.
2026-07-13 18:50:34,211 INFO AMD held by another strategy — deferring.
2026-07-13 18:50:35,662 INFO META held by another strategy — deferring.
2026-07-13 18:50:36,370 INFO AMZN held by another strategy — deferring.
2026-07-13 18:50:37,100 INFO GOOGL held by another strategy — deferring.
2026-07-13 18:51:38,676 INFO AMD held by another strategy — deferring.
2026-07-13 18:51:40,076 INFO META held by another strategy — deferring.
2026-07-13 18:51:40,768 INFO AMZN held by another strategy — deferring.
2026-07-13 18:51:41,508 INFO GOOGL held by another strategy — deferring.
2026-07-13 18:52:43,792 INFO AMD held by another strategy — deferring.
2026-07-13 18:52:45,770 INFO META held by another strategy — deferring.
2026-07-13 18:52:46,493 INFO AMZN held by another strategy — deferring.
2026-07-13 18:52:47,205 INFO GOOGL held by another strategy — deferring.
2026-07-13 18:53:48,883 INFO AMD held by another strategy — deferring.
2026-07-13 18:53:50,339 INFO META held by another strategy — deferring.
2026-07-13 18:53:51,098 INFO AMZN held by another strategy — deferring.
2026-07-13 18:53:52,238 INFO GOOGL held by another strategy — deferring.
2026-07-13 18:54:53,866 INFO AMD held by another strategy — deferring.
2026-07-13 18:54:55,231 INFO META held by another strategy — deferring.
2026-07-13 18:54:55,935 INFO AMZN held by another strategy — deferring.
2026-07-13 18:54:56,650 INFO GOOGL held by another strategy — deferring.
2026-07-13 18:55:58,252 INFO AMD held by another strategy — deferring.
2026-07-13 18:55:59,722 INFO META held by another strategy — deferring.
2026-07-13 18:56:00,418 INFO AMZN held by another strategy — deferring.
2026-07-13 18:56:01,097 INFO GOOGL held by another strategy — deferring.
2026-07-13 18:57:03,078 INFO AMD held by another strategy — deferring.
2026-07-13 18:57:04,503 INFO META held by another strategy — deferring.
2026-07-13 18:57:05,193 INFO AMZN held by another strategy — deferring.
2026-07-13 18:57:05,882 INFO GOOGL held by another strategy — deferring.
2026-07-13 18:58:07,548 INFO AMD held by another strategy — deferring.
2026-07-13 18:58:09,014 INFO META held by another strategy — deferring.
2026-07-13 18:58:09,702 INFO AMZN held by another strategy — deferring.
2026-07-13 18:58:10,387 INFO GOOGL held by another strategy — deferring.
2026-07-13 18:59:12,094 INFO AMD held by another strategy — deferring.
2026-07-13 18:59:13,531 INFO META held by another strategy — deferring.
2026-07-13 18:59:14,190 INFO AMZN held by another strategy — deferring.
2026-07-13 18:59:14,911 INFO GOOGL held by another strategy — deferring.
2026-07-13 19:00:16,723 INFO AMD held by another strategy — deferring.
2026-07-13 19:00:18,358 INFO META held by another strategy — deferring.
2026-07-13 19:00:19,182 INFO AMZN held by another strategy — deferring.
2026-07-13 19:00:19,997 INFO GOOGL held by another strategy — deferring.
2026-07-13 19:01:21,688 INFO AMD held by another strategy — deferring.
2026-07-13 19:01:23,097 INFO META held by another strategy — deferring.
2026-07-13 19:01:23,841 INFO AMZN held by another strategy — deferring.
2026-07-13 19:01:24,574 INFO GOOGL held by another strategy — deferring.
2026-07-13 19:02:26,609 INFO AMD held by another strategy — deferring.
2026-07-13 19:02:28,032 INFO META held by another strategy — deferring.
2026-07-13 19:02:28,726 INFO AMZN held by another strategy — deferring.
2026-07-13 19:02:29,407 INFO GOOGL held by another strategy — deferring.
2026-07-13 19:03:31,324 INFO AMD held by another strategy — deferring.
2026-07-13 19:03:32,804 INFO META held by another strategy — deferring.
2026-07-13 19:03:33,609 INFO AMZN held by another strategy — deferring.
2026-07-13 19:03:34,403 INFO GOOGL held by another strategy — deferring.
2026-07-13 19:04:36,737 INFO AMD held by another strategy — deferring.
2026-07-13 19:04:38,175 INFO META held by another strategy — deferring.
2026-07-13 19:04:38,888 INFO AMZN held by another strategy — deferring.
2026-07-13 19:04:39,575 INFO GOOGL held by another strategy — deferring.
2026-07-13 19:05:42,788 INFO AMD held by another strategy — deferring.
2026-07-13 19:05:44,761 INFO META held by another strategy — deferring.
2026-07-13 19:05:45,527 INFO AMZN held by another strategy — deferring.
2026-07-13 19:05:46,300 INFO GOOGL held by another strategy — deferring.
2026-07-13 19:06:48,306 INFO AMD held by another strategy — deferring.
2026-07-13 19:06:49,778 INFO META held by another strategy — deferring.
2026-07-13 19:06:50,470 INFO AMZN held by another strategy — deferring.
2026-07-13 19:06:51,178 INFO GOOGL held by another strategy — deferring.
2026-07-13 19:07:52,800 INFO AMD held by another strategy — deferring.
2026-07-13 19:07:54,201 INFO META held by another strategy — deferring.
2026-07-13 19:07:54,913 INFO AMZN held by another strategy — deferring.
2026-07-13 19:07:55,599 INFO GOOGL held by another strategy — deferring.
2026-07-13 19:08:57,209 INFO AMD held by another strategy — deferring.
2026-07-13 19:08:58,592 INFO META held by another strategy — deferring.
2026-07-13 19:08:59,301 INFO AMZN held by another strategy — deferring.
2026-07-13 19:08:59,996 INFO GOOGL held by another strategy — deferring.
2026-07-13 19:10:01,750 INFO AMD held by another strategy — deferring.
2026-07-13 19:10:03,176 INFO META held by another strategy — deferring.
2026-07-13 19:10:03,927 INFO AMZN held by another strategy — deferring.
2026-07-13 19:10:04,654 INFO GOOGL held by another strategy — deferring.
2026-07-13 19:11:06,361 INFO AMD held by another strategy — deferring.
2026-07-13 19:11:07,768 INFO META held by another strategy — deferring.
2026-07-13 19:11:08,469 INFO AMZN held by another strategy — deferring.
2026-07-13 19:11:09,241 INFO GOOGL held by another strategy — deferring.
2026-07-13 19:12:10,890 INFO AMD held by another strategy — deferring.
2026-07-13 19:12:12,315 INFO META held by another strategy — deferring.
2026-07-13 19:12:13,109 INFO AMZN held by another strategy — deferring.
2026-07-13 19:12:13,877 INFO GOOGL held by another strategy — deferring.
2026-07-13 19:13:15,492 INFO AMD held by another strategy — deferring.
2026-07-13 19:13:16,917 INFO META held by another strategy — deferring.
2026-07-13 19:13:17,646 INFO AMZN held by another strategy — deferring.
2026-07-13 19:13:18,314 INFO GOOGL held by another strategy — deferring.
2026-07-13 19:14:20,318 INFO AMD held by another strategy — deferring.
2026-07-13 19:14:21,749 INFO META held by another strategy — deferring.
2026-07-13 19:14:22,463 INFO AMZN held by another strategy — deferring.
2026-07-13 19:14:23,164 INFO GOOGL held by another strategy — deferring.
2026-07-13 19:15:25,456 INFO AMD held by another strategy — deferring.
2026-07-13 19:15:27,087 INFO META held by another strategy — deferring.
2026-07-13 19:15:27,837 INFO AMZN held by another strategy — deferring.
2026-07-13 19:15:28,629 INFO GOOGL held by another strategy — deferring.
2026-07-13 19:16:30,262 INFO AMD held by another strategy — deferring.
2026-07-13 19:16:31,689 INFO META held by another strategy — deferring.
2026-07-13 19:16:32,435 INFO AMZN held by another strategy — deferring.
2026-07-13 19:16:33,189 INFO GOOGL held by another strategy — deferring.
2026-07-13 19:17:34,771 INFO AMD held by another strategy — deferring.
2026-07-13 19:17:36,244 INFO META held by another strategy — deferring.
2026-07-13 19:17:36,930 INFO AMZN held by another strategy — deferring.
2026-07-13 19:17:37,620 INFO GOOGL held by another strategy — deferring.
2026-07-13 19:18:40,159 INFO AMD held by another strategy — deferring.
2026-07-13 19:18:42,733 INFO META held by another strategy — deferring.
2026-07-13 19:18:43,701 INFO AMZN held by another strategy — deferring.
2026-07-13 19:18:44,405 INFO GOOGL held by another strategy — deferring.
2026-07-13 19:19:46,419 INFO AMD held by another strategy — deferring.
2026-07-13 19:19:47,858 INFO META held by another strategy — deferring.
2026-07-13 19:19:48,567 INFO AMZN held by another strategy — deferring.
2026-07-13 19:19:49,249 INFO GOOGL held by another strategy — deferring.
2026-07-13 19:20:50,884 INFO AMD held by another strategy — deferring.
2026-07-13 19:20:52,322 INFO META held by another strategy — deferring.
2026-07-13 19:20:53,024 INFO AMZN held by another strategy — deferring.
2026-07-13 19:20:54,059 INFO GOOGL held by another strategy — deferring.
2026-07-13 19:21:55,721 INFO AMD held by another strategy — deferring.
2026-07-13 19:21:57,109 INFO META held by another strategy — deferring.
2026-07-13 19:21:57,778 INFO AMZN held by another strategy — deferring.
2026-07-13 19:21:58,477 INFO GOOGL held by another strategy — deferring.
2026-07-13 19:23:01,029 INFO AMD held by another strategy — deferring.
2026-07-13 19:23:02,751 INFO META held by another strategy — deferring.
2026-07-13 19:23:03,912 INFO AMZN held by another strategy — deferring.
2026-07-13 19:23:04,590 INFO GOOGL held by another strategy — deferring.
2026-07-13 19:24:06,728 INFO AMD held by another strategy — deferring.
2026-07-13 19:24:08,285 INFO META held by another strategy — deferring.
2026-07-13 19:24:08,950 INFO AMZN held by another strategy — deferring.
2026-07-13 19:24:09,651 INFO GOOGL held by another strategy — deferring.
2026-07-13 19:25:11,360 INFO AMD held by another strategy — deferring.
2026-07-13 19:25:12,833 INFO META held by another strategy — deferring.
2026-07-13 19:25:13,545 INFO AMZN held by another strategy — deferring.
2026-07-13 19:25:14,278 INFO GOOGL held by another strategy — deferring.
